,ERA5_2019_0615_12Z,ERA5_2019_0615_15Z,ERA5_2019_0615_18Z,ERA5_2019_0615_19Z,ERA5_2019_0615_20Z,ERA5_2019_0616_12Z,ERA5_2019_0616_15Z,ERA5_2019_0616_18Z,ERA5_2019_0616_19Z,ERA5_2019_0616_20Z,ERA5_2019_0617_12Z,ERA5_2019_0617_15Z,ERA5_2019_0617_18Z,ERA5_2019_0617_19Z,ERA5_2019_0617_20Z,ERA5_2019_0618_12Z,ERA5_2019_0618_15Z,ERA5_2019_0618_18Z,ERA5_2019_0618_19Z,ERA5_2019_0618_20Z,ERA5_2019_0619_12Z,ERA5_2019_0619_15Z,ERA5_2019_0619_18Z,ERA5_2019_0619_19Z,ERA5_2019_0619_20Z,ERA5_2019_0620_12Z,ERA5_2019_0620_15Z,ERA5_2020_0615_12Z,ERA5_2020_0615_15Z,ERA5_2020_0615_18Z,ERA5_2020_0615_19Z,ERA5_2020_0615_20Z,ERA5_2020_0616_12Z,ERA5_2020_0616_15Z,ERA5_2020_0616_18Z,ERA5_2020_0616_19Z,ERA5_2020_0616_20Z,ERA5_2020_0617_12Z,ERA5_2020_0617_15Z,ERA5_2020_0617_18Z,ERA5_2020_0617_19Z,ERA5_2020_0617_20Z,ERA5_2020_0618_12Z,ERA5_2020_0618_15Z,ERA5_2020_0618_18Z,ERA5_2020_0618_19Z,ERA5_2020_0618_20Z,ERA5_2020_0619_12Z,ERA5_2020_0619_15Z,ERA5_2020_0619_18Z,ERA5_2020_0619_19Z,ERA5_2020_0619_20Z,ERA5_2020_0620_12Z,ERA5_2020_0620_15Z,ERA5_2021_0615_12Z,ERA5_2021_0615_15Z,ERA5_2021_0615_18Z,ERA5_2021_0615_19Z,ERA5_2021_0615_20Z,ERA5_2021_0616_12Z,ERA5_2021_0616_15Z,ERA5_2021_0616_18Z,ERA5_2021_0616_19Z,ERA5_2021_0616_20Z,ERA5_2021_0617_12Z,ERA5_2021_0617_15Z,ERA5_2021_0617_18Z,ERA5_2021_0617_19Z,ERA5_2021_0617_20Z,ERA5_2021_0618_12Z,ERA5_2021_0618_15Z,ERA5_2021_0618_18Z,ERA5_2021_0618_19Z,ERA5_2021_0618_20Z,ERA5_2021_0619_12Z,ERA5_2021_0619_15Z,ERA5_2021_0619_18Z,ERA5_2021_0619_19Z,ERA5_2021_0619_20Z,ERA5_2021_0620_12Z,ERA5_2021_0620_15Z,ERA5_2022_0615_12Z,ERA5_2022_0615_15Z,ERA5_2022_0615_18Z,ERA5_2022_0615_19Z,ERA5_2022_0615_20Z,ERA5_2022_0616_12Z,ERA5_2022_0616_15Z,ERA5_2022_0616_18Z,ERA5_2022_0616_19Z,ERA5_2022_0616_20Z,ERA5_2022_0617_12Z,ERA5_2022_0617_15Z,ERA5_2022_0617_18Z,ERA5_2022_0617_19Z,ERA5_2022_0617_20Z,ERA5_2022_0618_12Z,ERA5_2022_0618_15Z,ERA5_2022_0618_18Z,ERA5_2022_0618_19Z,ERA5_2022_0618_20Z,ERA5_2022_0619_12Z,ERA5_2022_0619_15Z,ERA5_2022_0619_18Z,ERA5_2022_0619_19Z,ERA5_2022_0619_20Z,ERA5_2022_0620_12Z,ERA5_2022_0620_15Z,ERA5_2023_0615_12Z,ERA5_2023_0615_15Z,ERA5_2023_0615_18Z,ERA5_2023_0615_19Z,ERA5_2023_0615_20Z,ERA5_2023_0616_12Z,ERA5_2023_0616_15Z,ERA5_2023_0616_18Z,ERA5_2023_0616_19Z,ERA5_2023_0616_20Z,ERA5_2023_0617_12Z,ERA5_2023_0617_15Z,ERA5_2023_0617_18Z,ERA5_2023_0617_19Z,ERA5_2023_0617_20Z,ERA5_2023_0618_12Z,ERA5_2023_0618_15Z,ERA5_2023_0618_18Z,ERA5_2023_0618_19Z,ERA5_2023_0618_20Z,ERA5_2023_0619_12Z,ERA5_2023_0619_15Z,ERA5_2023_0619_18Z,ERA5_2023_0619_19Z,ERA5_2023_0619_20Z,ERA5_2023_0620_12Z,ERA5_2023_0620_15Z,ERA5_2024_0615_12Z,ERA5_2024_0615_15Z,ERA5_2024_0615_18Z,ERA5_2024_0615_19Z,ERA5_2024_0615_20Z,ERA5_2024_0616_12Z,ERA5_2024_0616_15Z,ERA5_2024_0616_18Z,ERA5_2024_0616_19Z,ERA5_2024_0616_20Z,ERA5_2024_0617_12Z,ERA5_2024_0617_15Z,ERA5_2024_0617_18Z,ERA5_2024_0617_19Z,ERA5_2024_0617_20Z,ERA5_2024_0618_12Z,ERA5_2024_0618_15Z,ERA5_2024_0618_18Z,ERA5_2024_0618_19Z,ERA5_2024_0618_20Z,ERA5_2024_0619_12Z,ERA5_2024_0619_15Z,ERA5_2024_0619_18Z,ERA5_2024_0619_19Z,ERA5_2024_0619_20Z,ERA5_2024_0620_12Z,ERA5_2024_0620_15Z
initial_static_margin [calibers],2.941794600055938,2.9416573954967173,2.9417507892709587,2.9417507892709587,2.9417507892709587,2.941631312534511,2.9415806417126937,2.941584779394878,2.941584779394878,2.941584779394878,2.9416039176906947,2.941543570107256,2.9416470233647973,2.9416470233647973,2.9416470233647973,2.941546206153776,2.9415486204609698,2.9418296792670295,2.9418296792670295,2.9418296792670295,2.9416189076386363,2.941585241963329,2.941638392651685,2.941638392651685,2.941638392651685,2.941608416253711,2.941599830467486,2.941619472959254,2.941608072207142,2.9416986638879474,2.9416986638879474,2.9416986638879474,2.94158618001714,2.941585568267896,2.941638293354476,2.941638293354476,2.941638293354476,2.9415482724102193,2.941544814645021,2.941679749286336,2.941679749286336,2.941679749286336,2.9416412947758177,2.9415996251996246,2.9415666148528645,2.9415666148528645,2.9415666148528645,2.9415426510052454,2.9415444445578087,2.9416474967380486,2.9416474967380486,2.9416474967380486,2.941550573527965,2.9415890698253744,2.941552928942794,2.941622438344507,2.9416172294119933,2.9416172294119933,2.9416172294119933,2.9415968121509133,2.9416347271604413,2.9416992413621514,2.9416992413621514,2.9416992413621514,2.9415911868648985,2.9416089391551776,2.941668924248287,2.941668924248287,2.941668924248287,2.941545531479975,2.9415589085476816,2.9415977551514723,2.9415977551514723,2.9415977551514723,2.9415546610937504,2.9415672424137975,2.941574565944542,2.941574565944542,2.941574565944542,2.9415540108322173,2.9415559507703812,2.941615946403405,2.9415936990413347,2.941598257752728,2.941598257752728,2.941598257752728,2.941595336957914,2.9416249455043433,2.9418010695371164,2.9418010695371164,2.9418010695371164,2.9415935387875476,2.9416545785112267,2.941810974753102,2.941810974753102,2.941810974753102,2.941592826048694,2.9416403055753695,2.941787350908533,2.941787350908533,2.941787350908533,2.9416107225758608,2.9416226481486785,2.9417887981086785,2.9417887981086785,2.9417887981086785,2.941574781113528,2.941593963979876,2.9417028552038778,2.9416429830647464,2.9417259894765544,2.9417259894765544,2.9417259894765544,2.941619761452476,2.941584091052111,2.941605767424167,2.941605767424167,2.941605767424167,2.941544941777742,2.9416296579782664,2.9416902345401224,2.9416902345401224,2.9416902345401224,2.9415707622258127,2.941558869365974,2.94155226465357,2.94155226465357,2.94155226465357,2.9416142827946907,2.9415879241194456,2.9415781177389717,2.9415781177389717,2.9415781177389717,2.9415720197247097,2.9415534604152436,2.941681574312775,2.941596929417779,2.9415880912919437,2.9415880912919437,2.9415880912919437,2.941551592698131,2.9415414345490327,2.941565338213927,2.941565338213927,2.941565338213927,2.941574656549361,2.9415735786711528,2.941602040873778,2.941602040873778,2.941602040873778,2.941541109523039,2.9415408416632003,2.941781057000505,2.941781057000505,2.941781057000505,2.9417649372788888,2.941823647181412,2.9418178999512823,2.9418178999512823,2.9418178999512823,2.9417493936205843,2.9417763399245365
frontal_surface_wind [m/s],9.157644933177146,6.4158343761393795,8.517304741350486,8.517304741350486,8.517304741350486,3.6253831981087914,2.168415868855017,1.715821897481733,1.715821897481733,1.715821897481733,-2.014770727945706,-1.1861307288589176,-4.2631263454347845,-4.2631263454347845,-4.2631263454347845,-1.6768326612792532,-1.9219580569562418,-5.3479347602845335,-5.3479347602845335,-5.3479347602845335,4.202795734744116,3.7783304924976715,5.807060359976048,5.807060359976048,5.807060359976048,4.922916218390994,4.523505378254616,-3.1005535168304297,-4.656214436737503,-6.460888146514288,-6.460888146514288,-6.460888146514288,-2.4876257291623824,-2.805269912286614,-1.8534553842770274,-1.8534553842770274,-1.8534553842770274,1.9956960365741567,1.2307913191227016,-1.9939486481851543,-1.9939486481851543,-1.9939486481851543,5.437874377541308,4.555164343794682,1.6470576859189419,1.6470576859189419,1.6470576859189419,1.3103313958299745,1.486223158912737,-2.6454945735148034,-2.6454945735148034,-2.6454945735148034,1.316063852383492,1.0509191325891842,-2.103769384008414,-5.384022408813398,-5.14191443710959,-5.14191443710959,-5.14191443710959,-4.425320880964403,-5.760890282453302,-6.6921882091675355,-6.6921882091675355,-6.6921882091675355,-3.5436567022458547,-4.166764704834028,-4.618586990533207,-4.618586990533207,-4.618586990533207,-1.6582938783204713,-2.6404854797781403,-3.4446421682760304,-3.4446421682760304,-3.4446421682760304,-2.2676827553856733,-3.001459222409154,-3.410381495871472,-3.410381495871472,-3.410381495871472,2.4192948414738478,1.5201941383103799,-2.1976854667691765,-3.2412260140561857,-3.5641465623958437,-3.5641465623958437,-3.5641465623958437,-3.7528797003044487,-4.545474720080994,-7.819234670467396,-7.819234670467396,-7.819234670467396,-3.706517665886934,-5.472360987926549,-7.305008077408714,-7.305008077408714,-7.305008077408714,-3.7371690860060816,-5.29394043088894,-7.482607001703509,-7.482607001703509,-7.482607001703509,-4.009871419775223,-4.447053498891889,-6.518514433128594,-6.518514433128594,-6.518514433128594,-2.3186074629209767,-2.695535752889782,7.123385703251169,5.925673777914999,7.761354870709461,7.761354870709461,7.761354870709461,4.427132618149559,4.043675513274354,4.763655223563745,4.763655223563745,4.763655223563745,1.703413502665412,5.65979326899864,6.866770584067946,6.866770584067946,6.866770584067946,0.43425917639138634,0.5615800618281679,2.3371097698089667,2.3371097698089667,2.3371097698089667,3.592289998329775,3.3986086013324908,3.483223426675167,3.483223426675167,3.483223426675167,0.44837104138343126,0.45722859148636547,-3.7884014677349787,-0.040706185306575646,-0.7236402540219531,-0.7236402540219531,-0.7236402540219531,2.1502300090768593,1.3065776545957575,-0.5213290699929074,-0.5213290699929074,-0.5213290699929074,2.0721410734607595,0.718159326580024,0.13428828811036037,0.13428828811036037,0.13428828811036037,1.0942944207236394,-0.8469958002506724,-8.084440868930294,-8.084440868930294,-8.084440868930294,-7.534151591346024,-8.943069534368618,-8.375760509384886,-8.375760509384886,-8.375760509384886,-7.873833101245292,-8.562332790775336
lateral_surface_wind [m/s],1.8257457014283989,0.40483972873944785,-0.8878791758143616,-0.8878791758143616,-0.8878791758143616,-4.319881055639764,-3.199489572470326,-3.6827725056549374,-3.6827725056549374,-3.6827725056549374,4.296967089203647,0.9966187780491432,4.389559131286974,4.389559131286974,4.389559131286974,-0.6751959895577054,0.6482754669278786,8.393150598908514,8.393150598908514,8.393150598908514,-3.236936666825152,-1.5644361991105034,-1.1442917002249338,-1.1442917002249338,-1.1442917002249338,0.6539200062641956,1.1594986983966364,4.219091492001907,1.5547641592738801,3.6113014217874264,3.6113014217874264,3.6113014217874264,3.2475501128016537,2.9634430158118357,5.568572218254252,5.568572218254252,5.568572218254252,-0.20577123814071135,-1.1589346781871281,6.649647616826476,6.649647616826476,6.649647616826476,-2.496520071974434,-0.9426108197298178,2.7598897338554753,2.7598897338554753,2.7598897338554753,-0.6278416540301721,-0.7258237587103991,5.5638962861484345,5.5638962861484345,5.5638962861484345,-1.7561502865905367,-4.110435402597146,1.0092007377493584,0.3426258194379615,1.0059466598621605,1.0059466598621605,1.0059466598621605,-0.8835644843470168,0.3789362599334333,3.2517978721649277,3.2517978721649277,3.2517978721649277,2.4262202621687696,2.685054351702153,4.867759762209609,4.867759762209609,4.867759762209609,0.5590999848723879,0.8099335001047078,3.0131042600420734,3.0131042600420734,3.0131042600420734,-1.0171629342246664,-1.2242539582423622,1.1986618887172846,1.1986618887172846,1.1986618887172846,-0.42920005291513563,-2.1065212345464444,4.667897282709445,3.010819598875292,2.9192707446331165,2.9192707446331165,2.9192707446331165,2.4163720124451613,3.0738250085252874,5.413344330392948,5.413344330392948,5.413344330392948,2.3672225030427545,3.2097574822749095,6.3327517823658175,6.3327517823658175,6.3327517823658175,2.2502465164098626,2.684378206894714,5.410211376264354,5.410211376264354,5.410211376264354,2.9964279036761416,3.0758121299834253,6.5385726834876365,6.5385726834876365,6.5385726834876365,2.7455873890667615,3.4976965976576753,-2.351431431761298,-1.2028390403314588,-2.2323965723098294,-2.2323965723098294,-2.2323965723098294,-2.9861269435271645,-0.1355443523246476,-1.112070773335739,-1.112070773335739,-1.112070773335739,0.10845477277886548,-0.459518820390869,-2.472547874603502,-2.472547874603502,-2.472547874603502,-3.3871738556905266,-2.7133462329318534,-0.009754036759356505,-0.009754036759356505,-0.009754036759356505,-3.7247308064943128,-2.495401268587165,-1.5220727345865912,-1.5220727345865912,-1.5220727345865912,-3.4688579213758786,-2.380352239083811,5.835251257610693,4.554444351516003,4.163282538198508,4.163282538198508,4.163282538198508,0.7647041974693246,0.0972612330903513,3.120940077270987,3.120940077270987,3.120940077270987,2.9785880504757545,3.5149719579733523,4.766114152125549,4.766114152125549,4.766114152125549,0.6235246476191586,0.8865848848239641,4.316339123022281,4.316339123022281,4.316339123022281,4.477965389304909,4.121294267980536,4.932677637856675,4.932677637856675,4.932677637856675,2.8521971819657956,2.4179724848564472
out_rail_vel [m/s],25.987080879189076,25.988133948337307,25.987550152401827,25.987550152401827,25.987550152401827,25.9879079549319,25.988294702782145,25.98833495272265,25.98833495272265,25.98833495272265,25.987540391285723,25.988276318784035,25.98711874618829,25.98711874618829,25.98711874618829,25.988124957806757,25.988177908921962,25.98539763443055,25.98539763443055,25.98539763443055,25.98823040111457,25.9885322168856,25.988300879083226,25.988300879083226,25.988300879083226,25.988432903076397,25.988514158751276,25.98713454881691,25.987285218472802,25.98637255579254,25.98637255579254,25.98637255579254,25.987697878716258,25.98776003294067,25.9873879299377,25.9873879299377,25.9873879299377,25.988610178193678,25.98862082545404,25.98698361436182,25.98698361436182,25.98698361436182,25.988153558979057,25.988470090871868,25.98850095727362,25.98850095727362,25.98850095727362,25.98861991830637,25.988670671376795,25.987376939215366,25.987376939215366,25.987376939215366,25.988529584959352,25.988197873471645,25.987830444254612,25.987140279308104,25.987268138471908,25.987268138471908,25.987268138471908,25.98742212627907,25.987025904683623,25.98641768539703,25.98641768539703,25.98641768539703,25.98755909711978,25.987416250571457,25.986892200859224,25.986892200859224,25.986892200859224,25.988194587940335,25.988053724313655,25.987718728125525,25.987718728125525,25.987718728125525,25.988124126253265,25.9880105819173,25.987977212634366,25.987977212634366,25.987977212634366,25.988730881149248,25.988700783269056,25.987460860327076,25.987762637697983,25.98774960757266,25.98774960757266,25.98774960757266,25.98755865857141,25.987287069785523,25.98550086577923,25.98550086577923,25.98550086577923,25.987584637769203,25.986952776606326,25.985427302567896,25.985427302567896,25.985427302567896,25.987561106255356,25.9870584853294,25.985602463365282,25.985602463365282,25.985602463365282,25.98736996542184,25.98728717865055,25.985616187265162,25.985616187265162,25.985616187265162,25.987824065220998,25.987690272277995,25.98770683952587,25.98825155453436,25.987738647855764,25.987738647855764,25.987738647855764,25.988246568635496,25.988563272757684,25.988504012186386,25.988504012186386,25.988504012186386,25.98869235932727,25.98840011204002,25.988020872862652,25.988020872862652,25.988020872862652,25.988249612926765,25.988449564351704,25.988779452791167,25.988779452791167,25.988779452791167,25.98827355782217,25.988526634295425,25.9886732026061,25.9886732026061,25.9886732026061,25.988337674140784,25.98855452369374,25.98668932030307,25.9880838177678,25.988204890811087,25.988204890811087,25.988204890811087,25.988729193933615,25.988791066833585,25.98846282448209,25.98846282448209,25.98846282448209,25.988558830942466,25.988508403034263,25.988226924305266,25.988226924305266,25.988226924305266,25.98866915683363,25.98855050760802,25.98580011008941,25.98580011008941,25.98580011008941,25.985666259849477,25.985067246833225,25.98510540843839,25.98510540843839,25.98510540843839,25.985475940867666,25.98520153923428
out_rail_stability [calibers],3.0111558491779324,3.01103619730889,3.0110964885291933,3.0110964885291933,3.0110964885291933,3.011091006106153,3.011045708689841,3.011037011236516,3.011037011236516,3.011037011236516,3.0111638954299442,3.0110622955213175,3.011215908827412,3.011215908827412,3.011215908827412,3.011087852030634,3.0110763486589174,3.0114279085317146,3.0114279085317146,3.0114279085317146,3.0110342506208045,3.0109977246487376,3.011015587351577,3.011015587351577,3.011015587351577,3.011003885912121,3.010993777743326,3.0112211725772795,3.011195188995174,3.0113108626525187,3.0113108626525187,3.0113108626525187,3.011136547656953,3.0111258464428707,3.011170460073432,3.011170460073432,3.011170460073432,3.010998387442278,3.0109985878626606,3.0112269350021683,3.0112269350021683,3.0112269350021683,3.0110364888034375,3.0110016562416293,3.0110137632487644,3.0110137632487644,3.0110137632487644,3.011000283301352,3.0109909026336674,3.011170851564273,3.011170851564273,3.011170851564273,3.011009219903899,3.011049236745641,3.0111322884882687,3.0112095254826667,3.0111918995341,3.0111918995341,3.0111918995341,3.0111741120659823,3.011224257050295,3.01130064811029,3.01130064811029,3.01130064811029,3.0111563620066772,3.011172661684212,3.0112367109607625,3.0112367109607625,3.0112367109607625,3.0110725777534486,3.0110906528555597,3.0111330190437546,3.0111330190437546,3.0111330190437546,3.0110825379776878,3.011096049699263,3.011100882855523,3.011100882855523,3.011100882855523,3.0109797863671153,3.010983570279337,3.0111731532686825,3.0111242506695466,3.0111250255933113,3.0111250255933113,3.0111250255933113,3.011155629539909,3.011187631853725,3.011413417947596,3.011413417947596,3.011413417947596,3.0111500784501337,3.011230365166479,3.011423507006062,3.011423507006062,3.011423507006062,3.0111574939148142,3.011221780544378,3.0114060062330337,3.0114060062330337,3.0114060062330337,3.0111817172168154,3.011190111526921,3.011404910723047,3.011404910723047,3.011404910723047,3.01111938374202,3.0111327812285937,3.011091670676507,3.011020934837307,3.0110723754509188,3.0110723754509188,3.0110723754509188,3.011025941198612,3.0109875477932375,3.0109898228944103,3.0109898228944103,3.0109898228944103,3.0109832199952478,3.0109964077288263,3.011037570589032,3.011037570589032,3.011037570589032,3.0110526727624585,3.0110226066724692,3.010970084933502,3.010970084933502,3.010970084933502,3.0110237757190323,3.010992009898823,3.0109725742767712,3.0109725742767712,3.0109725742767712,3.011030234266018,3.011001366711329,3.011275762559296,3.0110695577321045,3.0110552121268004,3.0110552121268004,3.0110552121268004,3.010980295162157,3.010974899591741,3.0110233253361836,3.0110233253361836,3.0110233253361836,3.011003385443798,3.0110121179766645,3.011051513202807,3.011051513202807,3.011051513202807,3.010999886870123,3.011019022188744,3.011386179195021,3.011386179195021,3.011386179195021,3.0114064590459635,3.0114810389092996,3.011478545748659,3.011478545748659,3.011478545748659,3.0114413945668534,3.011476491224587
out_rail_angle_of_attack [deg],20.43100389474773,14.20066986742771,18.77895905708994,18.77895905708994,18.77895905708994,12.41663181809691,8.531229488476482,8.947167899578227,8.947167899578227,8.947167899578227,10.283618330741751,3.3915143117663615,13.03315088439393,13.03315088439393,13.03315088439393,3.9346057449008582,4.411546872692498,20.57957759159116,20.57957759159116,20.57957759159116,11.712417558012648,9.050973719397014,13.082241990068875,13.082241990068875,13.082241990068875,10.996838246344284,10.339400758440556,11.270415838330175,10.473033092515255,15.49692718730191,15.49692718730191,15.49692718730191,8.857948270503455,8.817901721480384,12.66605089455165,12.66605089455165,12.66605089455165,4.439391187234932,3.735527819673903,14.873178229626602,14.873178229626602,14.873178229626602,13.217994863996882,10.299325102489089,7.095060699430973,7.095060699430973,7.095060699430973,3.207293631239721,3.652019127608362,13.21060910792329,13.21060910792329,13.21060910792329,4.852533353957612,9.322154154987674,5.080909217322465,11.44974068646151,11.142138864582327,11.142138864582327,11.142138864582327,9.652055215583731,12.214761459436177,15.554923040189422,15.554923040189422,15.554923040189422,9.239763850652983,10.606129772136153,14.225588547075834,14.225588547075834,14.225588547075834,3.8121877202416243,5.9809367443353425,9.838486852037303,9.838486852037303,9.838486852037303,5.393229103978416,6.9992330141937815,7.7810634909143355,7.7810634909143355,7.7810634909143355,5.4333678017852804,5.738222552177942,11.149166487255108,9.523625017873798,9.90029299494507,9.90029299494507,9.90029299494507,9.584125497816462,11.695019391879589,19.521188041454792,19.521188041454792,19.521188041454792,9.447381469971404,13.409188959687553,19.86551515412693,19.86551515412693,19.86551515412693,9.371288452410816,12.577619973085925,19.01768789017507,19.01768789017507,19.01768789017507,10.717893927794803,11.534205777722097,19.11109441543802,19.11109441543802,19.11109441543802,7.801041947484533,9.544906927651468,16.523742410143175,13.362406127825942,17.734688955280284,17.734688955280284,17.734688955280284,11.797197188520128,8.96377804684835,10.8300535138093,10.8300535138093,10.8300535138093,3.7785576151147207,12.564121395864182,16.06503577644069,16.06503577644069,16.06503577644069,7.507906295314809,6.106629371052208,5.169714160934046,5.169714160934046,5.169714160934046,11.417107023074715,9.326386470830364,8.41619924484176,8.41619924484176,8.41619924484176,7.689711597716636,5.342352760443802,14.791229208551622,9.953938221932601,9.217925749099788,9.217925749099788,9.217925749099788,5.045840573767344,2.8904781051360016,6.932000323672933,6.932000323672933,6.932000323672933,8.009271275645697,7.887822053499898,10.41278679861317,10.41278679861317,10.41278679861317,2.7810633961912714,2.6870729124536967,18.80677884656393,18.80677884656393,18.80677884656393,18.10223401181582,20.058576181771365,19.879980074127708,19.879980074127708,19.879980074127708,17.330142178669487,18.290071303320353
out_rail_thrust_to_weight [ratio],9.429320018418437,9.429299709111762,9.429312802748278,9.429312802748278,9.429312802748278,9.42929851394524,9.429291027215402,9.42929140279262,9.42929140279262,9.42929140279262,9.429298576880926,9.429287553299762,9.429306121610583,9.429306121610583,9.429306121610583,9.429288768255235,9.42928884775785,9.429335674253963,9.429335674253963,9.429335674253963,9.429295341880358,9.429289994368094,9.429296832348978,9.429296832348978,9.429296832348978,9.429292938502837,9.429291617440166,9.429302744292045,9.429301014284485,9.42931639468668,9.42931639468668,9.42931639468668,9.429295844029065,9.429295520251012,9.429303238956292,9.429303238956292,9.429303238956292,9.4292856623067,9.429285371081244,9.429310021498086,9.429310021498086,9.429310021498086,9.429298022333203,9.42929180971459,9.42928847651602,9.42928847651602,9.42928847651602,9.429285086548626,9.4292850103901,9.429304466492988,9.429304466492988,9.429304466492988,9.429286517248089,9.429292784662817,9.429291190580901,9.429303572747823,9.429302246119306,9.429302246119306,9.429302246119306,9.429298963938825,9.429305632543064,9.429316269332556,9.429316269332556,9.429316269332556,9.429297389319807,9.429300311065063,9.429309905152323,9.429309905152323,9.429309905152323,9.42928832809048,9.42929086763104,9.42929725586527,9.42929725586527,9.42929725586527,9.429289920085996,9.429292136189114,9.429293236954189,9.429293236954189,9.429293236954189,9.429285639132958,9.42928623719819,9.429300395917522,9.429296527448468,9.429297184602113,9.429297184602113,9.429297184602113,9.429297912071634,9.429302873720347,9.429332559045623,9.429332559045623,9.429332559045623,9.429297564728277,9.42930816139314,9.42933392770562,9.42933392770562,9.42933392770562,9.429297602841089,9.429305952288123,9.429330423268645,9.429330423268645,9.429330423268645,9.42930071667374,9.429302589149,9.429330318292967,9.429330318292967,9.429330318292967,9.429293835309664,9.429296832842544,9.42930692114316,9.429297588009481,9.429309223251309,9.429309223251309,9.429309223251309,9.429295334519459,9.429289659190141,9.429292318581556,9.429292318581556,9.429292318581556,9.429284912630926,9.42929539802815,9.42930395075485,9.42930395075485,9.42930395075485,9.429290528493299,9.42928808887754,9.429285207930217,9.429285207930217,9.429285207930217,9.429294752121198,9.429290439613114,9.429288532807512,9.429288532807512,9.429288532807512,9.429290237140215,9.429286947541183,9.42931217997973,9.429294513985651,9.429293006966807,9.429293006966807,9.429293006966807,9.429285423719937,9.429284072303908,9.429289015564775,9.429289015564775,9.429289015564775,9.429289010269102,9.429289451985591,9.429294280791693,9.429294280791693,9.429294280791693,9.429284696543013,9.429285737039708,9.429328601757584,9.429328601757584,9.429328601757584,9.429327668419413,9.429337577119682,9.42933663992957,9.42933663992957,9.42933663992957,9.429327168024436,9.42933173853618
burn_out_dynamic_pressure [Pa],46711.665710958696,46246.2791438777,46196.679375216176,46196.679375216176,46196.679375216176,47039.31418197283,46700.02839292263,46244.28252499433,46244.28252499433,46244.28252499433,47533.107277531955,46869.88473491527,47178.337248388896,47178.337248388896,47178.337248388896,47195.123550448036,46892.38241704497,47765.7193691365,47765.7193691365,47765.7193691365,46362.95861486797,46143.794016438274,45974.27035549299,45974.27035549299,45974.27035549299,46156.53185021906,46006.65808548239,48001.14853754453,47563.420817938626,47734.15921313163,47734.15921313163,47734.15921313163,47335.41470895706,47038.34600582835,47160.43889699567,47160.43889699567,47160.43889699567,46435.52761004556,46275.390013015014,46625.10648822614,46625.10648822614,46625.10648822614,46357.95953088527,46187.290755220754,46182.435065002246,46182.435065002246,46182.435065002246,46367.6094766555,46180.97608879696,46583.017952654576,46583.017952654576,46583.017952654576,46451.75082864244,46434.30031913642,47784.312406883255,47542.150333485966,47249.462392183406,47249.462392183406,47249.462392183406,47548.48072889678,47491.4186844363,47522.57020247758,47522.57020247758,47522.57020247758,47427.997327317884,47250.36928345076,47254.429240148536,47254.429240148536,47254.429240148536,46975.53552664458,46834.55137509596,46669.99976525388,46669.99976525388,46669.99976525388,46791.63333767977,46652.091030995645,46437.29154719138,46437.29154719138,46437.29154719138,45933.648536760506,45712.63701632797,46931.71291389162,46706.396079252125,46546.677541271325,46546.677541271325,46546.677541271325,47220.93050217884,47146.625104591534,47552.1106447651,47552.1106447651,47552.1106447651,47196.584829827996,47221.10960596458,47672.14021031045,47672.14021031045,47672.14021031045,47301.92092397783,47298.19279438807,47711.22512208782,47711.22512208782,47711.22512208782,47377.359728820185,47233.363418230576,47966.78329553529,47966.78329553529,47966.78329553529,47318.17789765597,47168.43636657955,46658.412367053716,46097.961954576684,46041.20169569269,46041.20169569269,46041.20169569269,46343.234777927864,46130.542984479005,45869.688800386044,45869.688800386044,45869.688800386044,46136.33115531497,45861.88241170914,45764.71604452555,45764.71604452555,45764.71604452555,46572.77084223768,46286.30155880316,45743.81169638245,45743.81169638245,45743.81169638245,46177.66111851409,45963.94101075132,45704.61378176638,45704.61378176638,45704.61378176638,46300.02160357427,46057.87205524542,47395.06280128207,46372.1435073699,45892.751724400085,45892.751724400085,45892.751724400085,45964.031537303825,45748.42503362649,45700.84326263008,45700.84326263008,45700.84326263008,45864.4720193307,45697.37944281511,45668.88196997211,45668.88196997211,45668.88196997211,46167.990459457054,46054.594777216305,46829.30631364396,46829.30631364396,46829.30631364396,48032.24134828558,48131.02973992451,48339.36389974403,48339.36389974403,48339.36389974403,49077.42958937602,49044.281317931884
burn_out_time [s],4.519,4.519,4.519,4.519,4.519,4.519,4.519,4.519,4.519,4.519,4.519,4.519,4.519,4.519,4.519,4.519,4.519,4.519,4.519,4.519,4.519,4.519,4.519,4.519,4.519,4.519,4.519,4.519,4.519,4.519,4.519,4.519,4.519,4.519,4.519,4.519,4.519,4.519,4.519,4.519,4.519,4.519,4.519,4.519,4.519,4.519,4.519,4.519,4.519,4.519,4.519,4.519,4.519,4.519,4.519,4.519,4.519,4.519,4.519,4.519,4.519,4.519,4.519,4.519,4.519,4.519,4.519,4.519,4.519,4.519,4.519,4.519,4.519,4.519,4.519,4.519,4.519,4.519,4.519,4.519,4.519,4.519,4.519,4.519,4.519,4.519,4.519,4.519,4.519,4.519,4.519,4.519,4.519,4.519,4.519,4.519,4.519,4.519,4.519,4.519,4.519,4.519,4.519,4.519,4.519,4.519,4.519,4.519,4.519,4.519,4.519,4.519,4.519,4.519,4.519,4.519,4.519,4.519,4.519,4.519,4.519,4.519,4.519,4.519,4.519,4.519,4.519,4.519,4.519,4.519,4.519,4.519,4.519,4.519,4.519,4.519,4.519,4.519,4.519,4.519,4.519,4.519,4.519,4.519,4.519,4.519,4.519,4.519,4.519,4.519,4.519,4.519,4.519,4.519,4.519,4.519,4.519,4.519,4.519,4.519,4.519,4.519
burn_out_accel [m/s²],32.167131376875716,32.103083949137456,31.97258018257179,31.97258018257179,31.97258018257179,32.59511092496218,32.37176117892231,31.99378028025455,31.99378028025455,31.99378028025455,32.585625813518455,32.3287179414422,32.378285371007436,32.378285371007436,32.378285371007436,32.444735969213234,32.29391883919551,32.42405348468713,32.42405348468713,32.42405348468713,32.08063405058565,32.07820847539121,31.93150355432029,31.93150355432029,31.93150355432029,31.99908396264349,31.902870070271845,32.801156609668006,32.6208296484876,32.59790667911817,32.59790667911817,32.59790667911817,32.45974499564676,32.40620890399899,32.34016262618569,32.34016262618569,32.34016262618569,32.197650475987736,32.00931085015394,32.08101033729046,32.08101033729046,32.08101033729046,32.09459297149083,32.00917400199419,32.041459821274856,32.041459821274856,32.041459821274856,32.188909301759594,31.97195421795252,32.15322818722261,32.15322818722261,32.15322818722261,32.186864252161385,32.062997714381375,32.73380160517067,32.52565288982586,32.41579322710798,32.41579322710798,32.41579322710798,32.501134918178515,32.53596607037692,32.32247144892639,32.32247144892639,32.32247144892639,32.564820778283114,32.360378943890325,32.26038778095142,32.26038778095142,32.26038778095142,32.343639561825675,32.25869346918539,32.1020691813661,32.1020691813661,32.1020691813661,32.26366157740174,32.21467881146967,31.975330568846818,31.975330568846818,31.975330568846818,31.88705247356483,31.844585111342283,32.26712830843945,32.10038815650953,32.090455617825654,32.090455617825654,32.090455617825654,32.34140154233837,32.28355303062668,32.30531398682086,32.30531398682086,32.30531398682086,32.44371099998413,32.24448084022423,32.34149930881103,32.34149930881103,32.34149930881103,32.399954902618454,32.319224988801786,32.45896620550553,32.45896620550553,32.45896620550553,32.43333064060447,32.45202581204895,32.48969643959527,32.48969643959527,32.48969643959527,32.56550714895761,32.4239513745636,32.38670973551556,32.08620491964704,31.95014581642005,31.95014581642005,31.95014581642005,32.116914209995976,32.090522811341344,31.809199518431175,31.809199518431175,31.809199518431175,31.989360528622985,31.80788974226959,31.72170640744785,31.72170640744785,31.72170640744785,32.22882781060254,32.05589352802578,31.80342636325182,31.80342636325182,31.80342636325182,32.004163181211496,31.990361926064313,31.808076788153688,31.808076788153688,31.808076788153688,31.982930427420037,31.8621210892733,32.39796434763875,32.04008338872248,31.874194585265137,31.874194585265137,31.874194585265137,31.888562035284167,31.85494366632857,31.642576393778835,31.642576393778835,31.642576393778835,31.905965111614115,31.801124681649224,31.64550008749738,31.64550008749738,31.64550008749738,32.1178086446845,31.855493933750882,32.024239953696906,32.024239953696906,32.024239953696906,32.63689662273337,32.49571885374775,32.74099981114405,32.74099981114405,32.74099981114405,33.09824098926817,33.05278438890981
apogee_alt [m],3462.849550004624,3524.9424134573374,3500.942054075126,3500.942054075126,3500.942054075126,3470.0347844613034,3484.881238915139,3490.679449708172,3490.679449708172,3490.679449708172,3367.535517909262,3439.315805019154,3311.2940731764065,3311.2940731764065,3311.2940731764065,3423.6271217694975,3425.2530821059827,3164.9992441095037,3164.9992441095037,3164.9992441095037,3508.471713847345,3531.4353941398267,3539.4469541503786,3539.4469541503786,3539.4469541503786,3536.0534889636883,3540.7536828548327,3314.326159172213,3307.2417526830986,3215.37603199173,3215.37603199173,3215.37603199173,3370.9263332334585,3375.461393046933,3350.5707833468005,3350.5707833468005,3350.5707833468005,3511.39395957113,3506.4829924853148,3345.830024651352,3345.830024651352,3345.830024651352,3514.375420915966,3534.064349487856,3503.74907241894,3503.74907241894,3503.74907241894,3504.8371703549674,3515.137864346073,3367.004746245255,3367.004746245255,3367.004746245255,3497.850228403515,3466.0750569790416,3377.812566776196,3281.8854719884475,3300.808763887372,3300.808763887372,3300.808763887372,3311.466137996532,3266.1904994671577,3209.209496213908,3209.209496213908,3209.209496213908,3337.809923145598,3322.778223125737,3276.8833398922843,3276.8833398922843,3276.8833398922843,3422.3265307321326,3401.984284161811,3370.425248956265,3370.425248956265,3370.425248956265,3415.263926639622,3398.90388772015,3397.4049840637517,3397.4049840637517,3397.4049840637517,3538.7588317282243,3528.9528072049934,3371.318432355056,3374.5730805716394,3369.988418902184,3369.988418902184,3369.988418902184,3343.54017412591,3312.232358031115,3130.8663068521914,3130.8663068521914,3130.8663068521914,3344.8007563910032,3273.537899294006,3129.448022933297,3129.448022933297,3129.448022933297,3341.2726809477435,3283.3018594769082,3139.3919290320077,3139.3919290320077,3139.3919290320077,3322.735415662675,3310.9125557821035,3141.748074781123,3141.748074781123,3141.748074781123,3375.2466835276364,3360.523001894315,3496.7083065316438,3532.9395632970136,3508.695265956507,3508.695265956507,3508.695265956507,3512.899664485669,3537.947721121237,3548.0406817802123,3548.0406817802123,3548.0406817802123,3522.7835814951904,3547.7167090982593,3531.0450786068004,3531.0450786068004,3531.0450786068004,3469.4059506648646,3488.6764198619585,3546.1273241679673,3546.1273241679673,3546.1273241679673,3508.4576257048875,3531.4518311161028,3551.503564069233,3551.503564069233,3551.503564069233,3478.4717724913226,3498.767096995447,3286.7592729549688,3445.0833535044494,3459.503967668694,3459.503967668694,3459.503967668694,3533.647778217918,3533.447053769003,3488.276176905696,3488.276176905696,3488.276176905696,3518.6551497120263,3502.453217215888,3472.24811189097,3472.24811189097,3472.24811189097,3511.7773965278866,3480.7565146111483,3178.6819857215623,3178.6819857215623,3178.6819857215623,3153.784038605022,3086.6243724593455,3086.0668179066897,3086.0668179066897,3086.0668179066897,3101.954390561765,3076.7176434338244
apogee_time [s],26.043692004540663,26.27790395388549,26.1909537140475,26.1909537140475,26.1909537140475,26.07715086884292,26.135563106887446,26.1591765928688,26.1591765928688,26.1591765928688,25.648805042567727,25.93276390603516,25.44155842231429,25.44155842231429,25.44155842231429,25.88553202557313,25.896507411206063,24.886276075833987,24.886276075833987,24.886276075833987,26.22250917941676,26.299458625260364,26.33828298225056,26.33828298225056,26.33828298225056,26.31917773781549,26.34060090036962,25.43580228633318,25.385642110469483,25.049070262611625,25.049070262611625,25.049070262611625,25.663294680216598,25.678180122623484,25.575403666162682,25.575403666162682,25.575403666162682,26.224958473281664,26.207905093360925,25.590096953467025,25.590096953467025,25.590096953467025,26.23901648468324,26.305771013145126,26.20239885706225,26.20239885706225,26.20239885706225,26.19896137518898,26.243139976500217,25.674727108065312,25.674727108065312,25.674727108065312,26.1738535535044,26.042579215620446,25.65700423871936,25.267200577554256,25.350876255633978,25.350876255633978,25.350876255633978,25.366271994308256,25.18851753753371,24.970503879674887,24.970503879674887,24.970503879674887,25.488546799175296,25.435237538571908,25.26511308091282,25.26511308091282,25.26511308091282,25.85012353972461,25.77358797210243,25.65907591798596,25.65907591798596,25.65907591798596,25.82691280122256,25.76787675278317,25.77834897096786,25.77834897096786,25.77834897096786,26.342001953422088,26.30530638818426,25.659814561148178,25.661148675129603,25.640965431332653,25.640965431332653,25.640965431332653,25.526799675281058,25.402721713975044,24.678248074538637,24.678248074538637,24.678248074538637,25.5198838807733,25.239217361546302,24.67593094408047,24.67593094408047,24.67593094408047,25.51635575519382,25.283661178323683,24.715513471921206,24.715513471921206,24.715513471921206,25.444248760945236,25.393913120017043,24.712012699486138,24.712012699486138,24.712012699486138,25.651413791965613,25.590234218113725,26.181271597868626,26.31240497345024,26.201349273878762,26.201349273878762,26.201349273878762,26.2371950886566,26.32101053673411,26.367692158055966,26.367692158055966,26.367692158055966,26.275036198251687,26.370058208213244,26.312481895219516,26.312481895219516,26.312481895219516,26.086920889180025,26.160740656237685,26.36958279691485,26.36958279691485,26.36958279691485,26.22861782607555,26.309834349276553,26.387629914182995,26.387629914182995,26.387629914182995,26.119968116411822,26.194930424347355,25.339658700598235,25.96943871214256,26.028702049458673,26.028702049458673,26.028702049458673,26.322485027120404,26.32605915656738,26.153403755082113,26.153403755082113,26.153403755082113,26.25881749282856,26.19727532900201,26.077607550394116,26.077607550394116,26.077607550394116,26.24017311233448,26.112265891578016,24.9236054846872,24.9236054846872,24.9236054846872,24.778917632381763,24.507978074569884,24.49170623088317,24.49170623088317,24.49170623088317,24.526521461361263,24.422051316217953
max_speed [m/s],313.0195401851411,314.21350111059616,313.8699185824839,313.8699185824839,313.8699185824839,313.68003078466444,314.2692243859474,314.7452711539904,314.7452711539904,314.7452711539904,313.7678802973112,314.4795342168743,314.2994569819235,314.2994569819235,314.2994569819235,314.1756550615384,314.529371165837,313.49429426621987,313.49429426621987,313.49429426621987,314.36616170456784,314.6934350488922,314.56232683322895,314.56232683322895,314.56232683322895,314.53389328054794,314.7477778730054,313.1725768224275,314.00972177136134,313.89660477239966,313.89660477239966,313.89660477239966,314.0631302905667,314.39974632625683,314.1148567128466,314.1148567128466,314.1148567128466,314.62870661259467,314.8728841174186,314.11648382871454,314.11648382871454,314.11648382871454,314.2225114113963,314.56495726066674,314.87353526063526,314.87353526063526,314.87353526063526,314.7718460772446,314.9434894831022,314.68594901763515,314.68594901763515,314.68594901763515,314.6729154169314,314.6558543790728,313.4785021756974,314.1567308268526,314.3907197288315,314.3907197288315,314.3907197288315,314.10364084811687,314.2156603069569,314.1495591914095,314.1495591914095,314.1495591914095,314.09314550672053,314.30743575643515,314.2466705749844,314.2466705749844,314.2466705749844,314.42414019000904,314.65042500766475,314.8161371764434,314.8161371764434,314.8161371764434,314.6503640120788,314.85504655990076,315.0841762722561,315.0841762722561,315.0841762722561,315.06943913725087,315.3874253963506,314.05807723794595,314.79400123489444,314.9849736380854,314.9849736380854,314.9849736380854,314.2956521489015,314.4271012919952,314.06738798752485,314.06738798752485,314.06738798752485,314.3333578525362,314.4024213271615,313.8949718871302,313.8949718871302,313.8949718871302,314.22304920964547,314.31464595036437,313.9053071695041,313.9053071695041,313.9053071695041,314.1456264831539,314.3291018461439,313.57275427474417,313.57275427474417,313.57275427474417,314.12348703522423,314.29423409498736,313.5716409724022,314.4351606201034,314.16506763056987,314.16506763056987,314.16506763056987,314.3813144116661,314.6967504653006,314.84217297655437,314.84217297655437,314.84217297655437,314.9750596929533,314.74741824966134,314.5997879783868,314.5997879783868,314.5997879783868,314.53042777669117,314.88616779169405,315.27091907502614,315.27091907502614,315.27091907502614,314.6522561474877,314.9240180142546,315.1814204182898,315.1814204182898,315.1814204182898,314.90432726282415,315.18622406490965,313.57487991379554,314.8164079811304,315.3336501180809,315.3336501180809,315.3336501180809,315.0789995767369,315.39022897901305,315.5593033084048,315.5593033084048,315.5593033084048,315.1451947380754,315.44241862489685,315.3956250262685,315.3956250262685,315.3956250262685,314.97465533851704,315.28615421863185,314.70759893988935,314.70759893988935,314.70759893988935,313.5820625023774,313.568177258073,313.31820744654596,313.31820744654596,313.31820744654596,312.57427098482447,312.6128355514283
max_speed_time [s],4.295068164178564,4.290789632351623,4.300406402225197,4.300406402225197,4.300406402225197,4.299161744600984,4.293013742076974,4.293417122326588,4.293417122326588,4.293417122326588,4.288526487256143,4.291490911942021,4.290403751716378,4.290403751716378,4.290403751716378,4.295985193146913,4.293680435635593,4.285638007418577,4.285638007418577,4.285638007418577,4.2885023869245655,4.298620464784841,4.292425226804002,4.292425226804002,4.292425226804002,4.300283072283226,4.292866645322,4.28614719189129,4.301740718197964,4.295957179273806,4.295957179273806,4.295957179273806,4.288669380239221,4.292480453129095,4.29479916062212,4.29479916062212,4.29479916062212,4.295305430346844,4.298442388694966,4.29059860726667,4.29059860726667,4.29059860726667,4.294060653996682,4.299350497908616,4.292844484074693,4.292844484074693,4.292844484074693,4.294671078081152,4.290638396029528,4.2980126578748274,4.2980126578748274,4.2980126578748274,4.2926275589969105,4.292960592756243,4.2879119241225965,4.297553096380746,4.287283557894793,4.287283557894793,4.287283557894793,4.293581902672421,4.290901969584703,4.295013563814188,4.295013563814188,4.295013563814188,4.30044143738381,4.293403299857212,4.295374724199611,4.295374724199611,4.295374724199611,4.290544394682585,4.295268181829054,4.297587682006178,4.297587682006178,4.297587682006178,4.295636950848696,4.299135379957237,4.292412408355129,4.292412408355129,4.292412408355129,4.294491446589512,4.297399031754023,4.2936863865641675,4.293483674622566,4.295276488483664,4.295276488483664,4.295276488483664,4.287969790807325,4.2995234232294,4.286177366542215,4.286177366542215,4.286177366542215,4.289341285125513,4.294504993490204,4.2935047529420665,4.2935047529420665,4.2935047529420665,4.300595690739396,4.299897125775499,4.3013073364975725,4.3013073364975725,4.3013073364975725,4.286977252160767,4.29395321475969,4.285104324611909,4.285104324611909,4.285104324611909,4.29100295026427,4.290256879469826,4.287568573175541,4.287939891114278,4.294236013046966,4.294236013046966,4.294236013046966,4.288325896878382,4.2967834104795575,4.298730298709069,4.298730298709069,4.298730298709069,4.295354026736542,4.300721624498738,4.294940190438617,4.294940190438617,4.294940190438617,4.299129297904467,4.288499471040337,4.291153876630146,4.291153876630146,4.291153876630146,4.293387377755344,4.293140444156385,4.290259811118852,4.290259811118852,4.290259811118852,4.299030415400066,4.29278529089433,4.284095260466883,4.2912248681552185,4.298148919678891,4.298148919678891,4.298148919678891,4.291894538824168,4.292860633793942,4.294683075954704,4.294683075954704,4.294683075954704,4.292722053366992,4.299303963888506,4.2937181783933,4.2937181783933,4.2937181783933,4.295711045305452,4.301027241362276,4.2974070942461715,4.2974070942461715,4.2974070942461715,4.289428021601449,4.293918135690651,4.291586493282723,4.291586493282723,4.291586493282723,4.292394017018864,4.286315127375075
max_mach [-],0.9085499043704558,0.9041815963743558,0.9044285452106664,0.9044285452106664,0.9044285452106664,0.9114029495575602,0.9083270026985475,0.9048101981591332,0.9048101981591332,0.9048101981591332,0.9147506872442754,0.9089554926157916,0.9119448493020215,0.9119448493020215,0.9119448493020215,0.9116364710293315,0.9090272409978142,0.9170377101867737,0.9170377101867737,0.9170377101867737,0.9044197420107533,0.9027466368304868,0.9018788476947869,0.9018788476947869,0.9018788476947869,0.9027169325505331,0.9016119526869758,0.9177925404044907,0.9128456969365473,0.914532444267454,0.914532444267454,0.914532444267454,0.9113282182272641,0.9089609288364654,0.9110211006524452,0.9110211006524452,0.9110211006524452,0.9043355272383985,0.9032990298769821,0.9076025711084551,0.9076025711084551,0.9076025711084551,0.9041920522210507,0.9030145495878891,0.9036488663204788,0.9036488663204788,0.9036488663204788,0.9041596285176563,0.9027751488771207,0.907032115922021,0.907032115922021,0.907032115922021,0.9040325181841543,0.9040312974818299,0.9154394409787039,0.9118444950759241,0.9098642264368562,0.9098642264368562,0.9098642264368562,0.9120902826418176,0.9116271791913173,0.9123446440428853,0.9123446440428853,0.9123446440428853,0.9117740512456732,0.910409480394728,0.9108518409147046,0.9108518409147046,0.9108518409147046,0.90918024387332,0.9081699073102781,0.9074427958006757,0.9074427958006757,0.9074427958006757,0.9082613182331676,0.9071839565308214,0.9059924089382585,0.9059924089382585,0.9059924089382585,0.9016543612827692,0.8997993747854006,0.9099536217987626,0.9069826558376394,0.9058698525958188,0.9058698525958188,0.9058698525958188,0.9103131919932836,0.9095718131478082,0.9131578629173903,0.9131578629173903,0.9131578629173903,0.9097537929125097,0.9100766296914392,0.9145802542396748,0.9145802542396748,0.9145802542396748,0.911280008452586,0.9112971593431122,0.9152220205857404,0.9152220205857404,0.9152220205857404,0.9117727170937793,0.9106040093287344,0.9176579165052322,0.9176579165052322,0.9176579165052322,0.9110231085867216,0.9097404728091758,0.9082058319038496,0.9027251511835832,0.9025247299908342,0.9025247299908342,0.9025247299908342,0.9030152654131731,0.9012686364550099,0.8996466454005922,0.8996466454005922,0.8996466454005922,0.901463042207436,0.8996084184785335,0.8996217523841452,0.8996217523841452,0.8996217523841452,0.9062799248322627,0.9037280872322058,0.8995974761375746,0.8995974761375746,0.8995974761375746,0.9017361407316958,0.9000312351254713,0.8982463520494557,0.8982463520494557,0.8982463520494557,0.9024213989487689,0.9005486147449546,0.9144650498312995,0.9046735991660358,0.9013590324191673,0.9013590324191673,0.9013590324191673,0.901743600019301,0.9001798455319252,0.9004386592944665,0.9004386592944665,0.9004386592944665,0.9018819739919999,0.9005222803459919,0.9011643276155613,0.9011643276155613,0.9011643276155613,0.9043908276682818,0.9032523785490973,0.9100746149790724,0.9100746149790724,0.9100746149790724,0.9179550837682082,0.9186510189007999,0.920595103079824,0.920595103079824,0.920595103079824,0.9256903170223572,0.9256060262203832
max_mach_time [s],4.295068164178564,4.307299826455024,4.300406402225197,4.300406402225197,4.300406402225197,4.299161744600984,4.293013742076974,4.298177328356188,4.298177328356188,4.298177328356188,4.306603751685532,4.301515150469699,4.3081406175086725,4.3081406175086725,4.3081406175086725,4.295985193146913,4.298460685263145,4.3055840453621235,4.3055840453621235,4.3055840453621235,4.307342882649501,4.298620464784841,4.303060367303709,4.303060367303709,4.303060367303709,4.300283072283226,4.303539747196658,4.29805007685559,4.301740718197964,4.295957179273806,4.295957179273806,4.295957179273806,4.3046765854407685,4.30265022410815,4.301481354254206,4.301481354254206,4.301481354254206,4.3006003645856605,4.298442388694966,4.29059860726667,4.29059860726667,4.29059860726667,4.294060653996682,4.299350497908616,4.309323985033441,4.309323985033441,4.309323985033441,4.301329415803428,4.300242955320458,4.2980126578748274,4.2980126578748274,4.2980126578748274,4.302974818321788,4.303663486218547,4.3002993115053965,4.297553096380746,4.304425484300176,4.304425484300176,4.304425484300176,4.304265251851532,4.300723340081669,4.295013563814188,4.295013563814188,4.295013563814188,4.30044143738381,4.293403299857212,4.300767887207239,4.300767887207239,4.300767887207239,4.300137494463593,4.305920802983581,4.297587682006178,4.297587682006178,4.297587682006178,4.295636950848696,4.299135379957237,4.292412408355129,4.292412408355129,4.292412408355129,4.294491446589512,4.297399031754023,4.2936863865641675,4.293483674622566,4.295276488483664,4.295276488483664,4.295276488483664,4.304894451592337,4.2995234232294,4.306445060866956,4.306445060866956,4.306445060866956,4.299342682671495,4.294504993490204,4.2935047529420665,4.2935047529420665,4.2935047529420665,4.300595690739396,4.299897125775499,4.3013073364975725,4.3013073364975725,4.3013073364975725,4.3074147328090335,4.29395321475969,4.305202267617592,4.305202267617592,4.305202267617592,4.3008065081286135,4.308600560294207,4.3060475365851065,4.304488966152032,4.303839923925391,4.303839923925391,4.303839923925391,4.305483020836512,4.2967834104795575,4.298730298709069,4.298730298709069,4.298730298709069,4.295354026736542,4.300721624498738,4.300201218525225,4.300201218525225,4.300201218525225,4.299129297904467,4.30571871141952,4.307434050900315,4.307434050900315,4.307434050900315,4.293387377755344,4.303729127228865,4.3094747189365625,4.3094747189365625,4.3094747189365625,4.299030415400066,4.303485227550916,4.284095260466883,4.30766662244727,4.298148919678891,4.298148919678891,4.298148919678891,4.30922861862344,4.303455334267584,4.294683075954704,4.294683075954704,4.294683075954704,4.302570485159217,4.299303963888506,4.2937181783933,4.2937181783933,4.2937181783933,4.306309391233147,4.301027241362276,4.302632386149576,4.302632386149576,4.302632386149576,4.3059017867235365,4.293918135690651,4.291586493282723,4.291586493282723,4.291586493282723,4.292394017018864,4.301904026420096
max_dynamic_pressure [Pa],48459.06509378943,47895.43223863583,47840.2570484062,47840.2570484062,47840.2570484062,48757.84473759576,48385.22921875369,47892.67543271174,47892.67543271174,47892.67543271174,49275.78003952328,48561.56299182681,48860.939836764424,48860.939836764424,48860.939836764424,48916.718789297214,48571.86369120342,49486.67141701718,49486.67141701718,49486.67141701718,48023.927728722374,47785.953704900596,47602.2496783408,47602.2496783408,47602.2496783408,47798.99804849347,47636.909845801754,49875.960899313635,49288.210672114896,49446.32749299632,49446.32749299632,49446.32749299632,49053.566046537555,48725.94110818467,48852.85690689577,48852.85690689577,48852.85690689577,48098.250343226486,47924.1805416248,48408.14616640163,48408.14616640163,48408.14616640163,48014.17248358412,47830.13863804548,47826.36960250672,47826.36960250672,47826.36960250672,48022.12876341945,47822.76248751812,48245.95446530865,48245.95446530865,48245.95446530865,48112.8299039991,48089.38220478632,49596.57139307554,49246.98031817773,48933.9199725205,48933.9199725205,48933.9199725205,49261.70707440714,49183.86063574553,49208.002490650084,49208.002490650084,49208.002490650084,49139.7695962516,48941.65603509465,48926.17851160262,48926.17851160262,48926.17851160262,48672.47188518239,48510.73204418055,48325.58302626658,48325.58302626658,48325.58302626658,48470.163159578486,48310.47290536703,48067.0201084997,48067.0201084997,48067.0201084997,47559.05791112564,47314.06010530094,48706.38490722364,48361.42287570391,48181.11556195827,48181.11556195827,48181.11556195827,48914.78159231532,48824.47445498648,49215.348469170254,49215.348469170254,49215.348469170254,48892.27732538049,48899.111774240504,49349.788053980956,49349.788053980956,49349.788053980956,49007.36254940328,48986.184282811046,49391.446437788276,49391.446437788276,49391.446437788276,49086.63094506094,48917.40070452502,49657.734184099856,49657.734184099856,49657.734184099856,49029.119142754134,48856.99566349842,48356.21336968802,47732.14728632023,47661.3915748677,47661.3915748677,47661.3915748677,47995.01961053977,47767.4588899986,47491.24650150326,47491.24650150326,47491.24650150326,47772.42725057946,47474.35886154024,47366.95840682873,47366.95840682873,47366.95840682873,48267.92505845285,47930.72962793604,47353.65781008067,47353.65781008067,47353.65781008067,47811.299465322205,47588.06998589935,47309.90599311627,47309.90599311627,47309.90599311627,47937.977947434156,47678.928157260474,49266.151859491285,48013.12195887462,47501.72344978415,47501.72344978415,47501.72344978415,47586.78646807315,47353.30207704961,47293.63308890154,47293.63308890154,47293.63308890154,47475.90750804861,47286.73631197919,47270.267531734964,47270.267531734964,47270.267531734964,47808.86081023765,47674.33809933178,48476.97485704794,48476.97485704794,48476.97485704794,49758.28223968248,49830.546705641886,50061.930919125254,50061.930919125254,50061.930919125254,50909.55487060875,50877.43414056113
max_dynamic_pressure_time [s],4.262765396622867,4.267690867821954,4.284091774396337,4.284091774396337,4.284091774396337,4.281876577650118,4.263313837411248,4.283896710267387,4.283896710267387,4.283896710267387,4.270449222826754,4.275866694118114,4.261567156442122,4.261567156442122,4.261567156442122,4.271782470090791,4.28890018600804,4.265691969475031,4.265691969475031,4.265691969475031,4.26966189119963,4.273575876541263,4.287107656554149,4.287107656554149,4.287107656554149,4.2733042459322474,4.276856992510015,4.26234142196269,4.279339507770628,4.274332571327872,4.274332571327872,4.274332571327872,4.266420287617799,4.262451559861021,4.284775870173991,4.284775870173991,4.284775870173991,4.284715561869212,4.2734644052775606,4.267342083802699,4.267342083802699,4.267342083802699,4.265495359990912,4.283222864008877,4.27263814917116,4.27263814917116,4.27263814917116,4.284683571497737,4.27461576927292,4.271944365112503,4.271944365112503,4.271944365112503,4.287453929334472,4.276906252562788,4.2631371493569965,4.279368675545023,4.287283557894793,4.287283557894793,4.287283557894793,4.277556878903755,4.2750438842782295,4.272855831226755,4.272855831226755,4.272855831226755,4.283277699926439,4.266870259009452,4.255946723964383,4.255946723964383,4.255946723964383,4.274472023433095,4.279289250097263,4.273392697060923,4.273392697060923,4.273392697060923,4.280193100166933,4.281779423954111,4.292412408355129,4.292412408355129,4.292412408355129,4.2678180486349735,4.2728544102418855,4.27253556345553,4.267271343699368,4.268383496001627,4.268383496001627,4.268383496001627,4.287969790807325,4.278983307154875,4.286177366542215,4.286177366542215,4.286177366542215,4.2732042157498356,4.276434441289859,4.2732441036221385,4.2732441036221385,4.2732441036221385,4.27331943900073,4.274208717624921,4.282237918297115,4.282237918297115,4.282237918297115,4.266539771512501,4.261655515580974,4.285104324611909,4.285104324611909,4.285104324611909,4.275027340984558,4.2719131986454455,4.269089609765976,4.287939891114278,4.289434057607753,4.289434057607753,4.289434057607753,4.288325896878382,4.266038560846615,4.2775732671970825,4.2775732671970825,4.2775732671970825,4.2686619104896675,4.284735713344249,4.284418134265402,4.284418134265402,4.284418134265402,4.278653374584871,4.288499471040337,4.269464152726239,4.269464152726239,4.269464152726239,4.266495148565629,4.277257419547664,4.271044903301141,4.271044903301141,4.271044903301141,4.277629836111914,4.2767353859094515,4.2590440932310925,4.269078945849532,4.2805216306643645,4.2805216306643645,4.2805216306643645,4.265412072743801,4.276968583083478,4.273503089669368,4.273503089669368,4.273503089669368,4.277949405678655,4.282110997699252,4.274106879651616,4.274106879651616,4.274106879651616,4.279813526413909,4.273856621912612,4.286956510439362,4.286956510439362,4.286956510439362,4.2666320808882565,4.2589910027576545,4.267544993722851,4.267544993722851,4.267544993722851,4.275922663131355,4.272234419047915
max_acceleration_power_on [m/s²],87.41075050580781,87.36702153656411,87.41642333753806,87.41642333753806,87.41642333753806,87.3612600668473,87.36874153525686,87.42127161915093,87.42127161915093,87.42127161915093,87.46626423862284,87.41529291322561,87.627606858513,87.627606858513,87.627606858513,87.41043014347711,87.44588028208922,87.86536035537664,87.86536035537664,87.86536035537664,87.38152739243023,87.37130496707117,87.38395975576854,87.38395975576854,87.38395975576854,87.36126466773585,87.38022546700391,87.46261178498489,87.5470186297441,87.7216876987132,87.7216876987132,87.7216876987132,87.47244243199347,87.5084449516523,87.54049195305252,87.54049195305252,87.54049195305252,87.35513135504151,87.39056371934161,87.57911436063276,87.57911436063276,87.57911436063276,87.36540322744392,87.36200215399869,87.407891422648,87.407891422648,87.407891422648,87.3777533839529,87.38999795703151,87.60813776769827,87.60813776769827,87.60813776769827,87.37795364708195,87.4368757161567,87.3673690743239,87.59986975047264,87.6036953311456,87.6036953311456,87.6036953311456,87.54478031880392,87.63108116372636,87.74726227679213,87.74726227679213,87.74726227679213,87.51391744411106,87.56006898462005,87.65631453395672,87.65631453395672,87.65631453395672,87.42335392772864,87.48428903834366,87.56932428180654,87.56932428180654,87.56932428180654,87.47227226026587,87.51545136798065,87.55593375700235,87.55593375700235,87.55593375700235,87.39286018998497,87.43993866531014,87.49930076919937,87.55734805415617,87.58876565410014,87.58876565410014,87.58876565410014,87.53512853464598,87.60894030683852,87.92671745218338,87.92671745218338,87.92671745218338,87.52531437955852,87.67017744675312,87.91479784536332,87.91479784536332,87.91479784536332,87.5301274583247,87.63378049777693,87.88442984600393,87.88442984600393,87.88442984600393,87.54819282056023,87.58654430099476,87.84768420614115,87.84768420614115,87.84768420614115,87.45921089000727,87.50904683314266,87.3639291803801,87.37882185228639,87.42602239307399,87.42602239307399,87.42602239307399,87.3784600641322,87.3640926007125,87.38515719093049,87.38515719093049,87.38515719093049,87.38561481459888,87.39379127909591,87.43323386919249,87.43323386919249,87.43323386919249,87.42156975341145,87.43003290380386,87.40675874996873,87.40675874996873,87.40675874996873,87.40876215887744,87.40357799960367,87.40784324448056,87.40784324448056,87.40784324448056,87.44874936459159,87.44545163781831,87.60289018122833,87.49220065445007,87.524185420405,87.524185420405,87.524185420405,87.39722897189873,87.42542708280875,87.50827800070047,87.50827800070047,87.50827800070047,87.43149050936138,87.4847751632918,87.53311375300565,87.53311375300565,87.53311375300565,87.39665794520398,87.46926442918638,87.93001586422767,87.93001586422767,87.93001586422767,87.82158263519513,87.95233289643089,87.91408464755692,87.91408464755692,87.91408464755692,87.74612547002583,87.80779147580891
max_acceleration_power_on_time [s],1.5143564446452507,1.4985959652637177,1.5004956629779347,1.5004956629779347,1.5004956629779347,1.5055926953307097,1.4978222773176457,1.501473715174363,1.501473715174363,1.501473715174363,1.5018545577240894,1.5128433708515479,1.5074369257873526,1.5074369257873526,1.5074369257873526,1.5045883339248216,1.5023468311324513,1.5279657412021992,1.5279657412021992,1.5279657412021992,1.5097349173905974,1.4928896306988626,1.5112165849726784,1.5112165849726784,1.5112165849726784,1.5127686468754302,1.4980800560641043,1.5196671075678934,1.5195095874953297,1.5094593022190539,1.5094593022190539,1.5094593022190539,1.5020969648953375,1.5097045932857145,1.515069711778786,1.515069711778786,1.515069711778786,1.4925180440366157,1.5016619751511717,1.5045268911429726,1.5045268911429726,1.5045268911429726,1.5168336754143004,1.4961463397236092,1.4950173463597873,1.4950173463597873,1.4950173463597873,1.500679222761184,1.49136251250182,1.5058082156047696,1.5058082156047696,1.5058082156047696,1.5108361906769596,1.5096173677574791,1.4943466090115427,1.5184936988909463,1.5014506264510812,1.5014506264510812,1.5014506264510812,1.5088435708768826,1.5227258082748187,1.5196008289685916,1.5196008289685916,1.5196008289685916,1.506820170388246,1.5185372818054048,1.513840266032884,1.513840266032884,1.513840266032884,1.5135372155328795,1.5012056084450522,1.5031112365531956,1.5031112365531956,1.5031112365531956,1.5105957172632705,1.496743956887755,1.502372505950192,1.502372505950192,1.502372505950192,1.498497563046246,1.5053953317713131,1.5049161752191769,1.5157112541995357,1.5138100644467134,1.5138100644467134,1.5138100644467134,1.5153603246137315,1.5124429325170834,1.5329116037733879,1.5329116037733879,1.5329116037733879,1.5196729145496033,1.506362701923748,1.5410987130069866,1.5410987130069866,1.5410987130069866,1.5066626909181597,1.5021005147737843,1.5286995406648232,1.5286995406648232,1.5286995406648232,1.5128224403482298,1.5220373081892864,1.5338354452253875,1.5338354452253875,1.5338354452253875,1.5135973870013448,1.501488636379691,1.5184595638545442,1.4951755466971806,1.499488874966005,1.499488874966005,1.499488874966005,1.5084024553125495,1.5087533139789864,1.5104807893981187,1.5104807893981187,1.5104807893981187,1.511193483157803,1.5101970902884663,1.4990586842804587,1.4990586842804587,1.4990586842804587,1.5075864866256645,1.5086149145599859,1.508987634798398,1.508987634798398,1.508987634798398,1.5134812657750212,1.5088914652192176,1.4982863118086127,1.4982863118086127,1.4982863118086127,1.504352718490644,1.5035949021480906,1.5128614576761603,1.5093122624634996,1.5155566282684745,1.5155566282684745,1.5155566282684745,1.4915880644969108,1.4951093104304376,1.5127053014355007,1.5127053014355007,1.5127053014355007,1.4957962699629042,1.4973161792396614,1.516401012439971,1.516401012439971,1.516401012439971,1.512015359645669,1.506191681230094,1.5487941313135694,1.5487941313135694,1.5487941313135694,1.5148986972983103,1.5557988433410685,1.5487224599289777,1.5487224599289777,1.5487224599289777,1.5199422653999015,1.5170053722886871
max_Gs_power_on [G],8.913415947934087,8.908956834042625,8.913994415782971,8.913994415782971,8.913994415782971,8.908369327634544,8.909132225097956,8.914488802919543,8.914488802919543,8.914488802919543,8.919076773273527,8.913879144583076,8.935529141808162,8.935529141808162,8.935529141808162,8.913383280067823,8.916998188177331,8.959773251352566,8.959773251352566,8.959773251352566,8.910436019683607,8.909393622396147,8.9106840517168,8.9106840517168,8.9106840517168,8.90836979679461,8.910303260237075,8.918704326654352,8.92731142946308,8.945122717616433,8.945122717616433,8.945122717616433,8.919706773668223,8.923378008968639,8.926645893659153,8.926645893659153,8.926645893659153,8.907744372955241,8.911357468589337,8.930584283178533,8.930584283178533,8.930584283178533,8.90879181243788,8.908444999464516,8.913124402588856,8.913124402588856,8.913124402588856,8.910051177920382,8.911299776889306,8.933543847052588,8.933543847052588,8.933543847052588,8.910071599076337,8.91607997799011,8.908992273031455,8.932700743931173,8.933090844594801,8.933090844594801,8.933090844594801,8.92708318526754,8.935883422343652,8.94773059880715,8.94773059880715,8.94773059880715,8.923936047897199,8.92864219530829,8.938456510016849,8.938456510016849,8.938456510016849,8.914701139301254,8.920914791324629,8.929585972967992,8.929585972967992,8.929585972967992,8.91968942098126,8.924092464601127,8.928220519443679,8.928220519443679,8.928220519443679,8.911591643424103,8.916392311881237,8.92244556185847,8.92836473761745,8.931568441221023,8.931568441221023,8.931568441221023,8.92609897718854,8.933625683269875,8.966029933992075,8.966029933992075,8.966029933992075,8.925098211882602,8.939870133710606,8.964814472359402,8.964814472359402,8.964814472359402,8.925589009327824,8.93615867781321,8.961717798229154,8.961717798229154,8.961717798229154,8.927431163604313,8.931341926243393,8.957970785756721,8.957970785756721,8.957970785756721,8.91835753187962,8.92343938380004,8.908641501468912,8.910160131368652,8.914973247038898,8.914973247038898,8.914973247038898,8.910123239244003,8.908658165705159,8.91080615612166,8.91080615612166,8.91080615612166,8.910852820749072,8.911686588090317,8.91570861295065,8.91570861295065,8.91570861295065,8.914519204153452,8.915382205320254,8.913008902119351,8.913008902119351,8.913008902119351,8.913213192973894,8.912684555847683,8.91311948978301,8.91311948978301,8.91311948978301,8.917290753171736,8.916954478626065,8.93300874215235,8.921721551646085,8.92498309008734,8.92498309008734,8.92498309008734,8.912037135198945,8.914912542285975,8.923360984709404,8.923360984709404,8.923360984709404,8.915530839722166,8.920964362273743,8.925893526638113,8.925893526638113,8.925893526638113,8.911978906681078,8.919382707569495,8.96636627841594,8.96636627841594,8.96636627841594,8.955309166248936,8.968641982372256,8.964741746422776,8.964741746422776,8.964741746422776,8.947614676778088,8.953902859366748
max_Gs_power_on_time [s],1.5143564446452507,1.4985959652637177,1.5004956629779347,1.5004956629779347,1.5004956629779347,1.5055926953307097,1.4978222773176457,1.501473715174363,1.501473715174363,1.501473715174363,1.5018545577240894,1.5128433708515479,1.5074369257873526,1.5074369257873526,1.5074369257873526,1.5045883339248216,1.5023468311324513,1.5279657412021992,1.5279657412021992,1.5279657412021992,1.5097349173905974,1.4928896306988626,1.5112165849726784,1.5112165849726784,1.5112165849726784,1.5127686468754302,1.4980800560641043,1.5196671075678934,1.5195095874953297,1.5094593022190539,1.5094593022190539,1.5094593022190539,1.5020969648953375,1.5097045932857145,1.515069711778786,1.515069711778786,1.515069711778786,1.4925180440366157,1.5016619751511717,1.5045268911429726,1.5045268911429726,1.5045268911429726,1.5168336754143004,1.4961463397236092,1.4950173463597873,1.4950173463597873,1.4950173463597873,1.500679222761184,1.49136251250182,1.5058082156047696,1.5058082156047696,1.5058082156047696,1.5108361906769596,1.5096173677574791,1.4943466090115427,1.5184936988909463,1.5014506264510812,1.5014506264510812,1.5014506264510812,1.5088435708768826,1.5227258082748187,1.5196008289685916,1.5196008289685916,1.5196008289685916,1.506820170388246,1.5185372818054048,1.513840266032884,1.513840266032884,1.513840266032884,1.5135372155328795,1.5012056084450522,1.5031112365531956,1.5031112365531956,1.5031112365531956,1.5105957172632705,1.496743956887755,1.502372505950192,1.502372505950192,1.502372505950192,1.498497563046246,1.5053953317713131,1.5049161752191769,1.5157112541995357,1.5138100644467134,1.5138100644467134,1.5138100644467134,1.5153603246137315,1.5124429325170834,1.5329116037733879,1.5329116037733879,1.5329116037733879,1.5196729145496033,1.506362701923748,1.5410987130069866,1.5410987130069866,1.5410987130069866,1.5066626909181597,1.5021005147737843,1.5286995406648232,1.5286995406648232,1.5286995406648232,1.5128224403482298,1.5220373081892864,1.5338354452253875,1.5338354452253875,1.5338354452253875,1.5135973870013448,1.501488636379691,1.5184595638545442,1.4951755466971806,1.499488874966005,1.499488874966005,1.499488874966005,1.5084024553125495,1.5087533139789864,1.5104807893981187,1.5104807893981187,1.5104807893981187,1.511193483157803,1.5101970902884663,1.4990586842804587,1.4990586842804587,1.4990586842804587,1.5075864866256645,1.5086149145599859,1.508987634798398,1.508987634798398,1.508987634798398,1.5134812657750212,1.5088914652192176,1.4982863118086127,1.4982863118086127,1.4982863118086127,1.504352718490644,1.5035949021480906,1.5128614576761603,1.5093122624634996,1.5155566282684745,1.5155566282684745,1.5155566282684745,1.4915880644969108,1.4951093104304376,1.5127053014355007,1.5127053014355007,1.5127053014355007,1.4957962699629042,1.4973161792396614,1.516401012439971,1.516401012439971,1.516401012439971,1.512015359645669,1.506191681230094,1.5487941313135694,1.5487941313135694,1.5487941313135694,1.5148986972983103,1.5557988433410685,1.5487224599289777,1.5487224599289777,1.5487224599289777,1.5199422653999015,1.5170053722886871
max_acceleration_power_off [m/s²],14.927198045004811,15.136915095082204,15.329752144577062,15.329752144577062,15.329752144577062,14.887926254399979,15.707849856288338,14.840068053839,14.840068053839,14.840068053839,13.015441054503615,13.813808466367723,15.020573063183862,15.020573063183862,15.020573063183862,13.800377722264425,14.467830664344367,14.752196655603028,14.752196655603028,14.752196655603028,14.243790573489768,14.964816250116721,18.676030341359503,18.676030341359503,18.676030341359503,13.750731212533752,16.4672586455886,13.80294397298086,13.732136208950845,13.289969447460658,13.289969447460658,13.289969447460658,14.490656995602784,14.483584837375982,16.111290316984533,16.111290316984533,16.111290316984533,14.684265690126008,13.945997303868669,14.337672169611757,14.337672169611757,14.337672169611757,14.714113252359486,14.625648110400236,17.645595927510815,17.645595927510815,17.645595927510815,14.90089929123213,17.559175019976877,14.860413371238446,14.860413371238446,14.860413371238446,15.580293169630924,22.293744673270854,13.980712836133067,13.73560057997398,14.171077506634917,14.171077506634917,14.171077506634917,13.719147394880139,15.367957165755373,15.110469762899104,15.110469762899104,15.110469762899104,15.333849594786143,15.300026212749481,14.442961905134576,14.442961905134576,14.442961905134576,14.265541162555676,13.719992791078715,13.864217029077903,13.864217029077903,13.864217029077903,13.749382955816413,14.985449319825173,14.176147371207605,14.176147371207605,14.176147371207605,13.29819999561198,15.183495509450385,14.469836635858181,14.460963959801735,14.632632903334677,14.632632903334677,14.632632903334677,14.478081393835186,14.585309580546967,16.979916831688385,16.979916831688385,16.979916831688385,13.661245213536008,14.359904332700928,13.822607882111472,13.822607882111472,13.822607882111472,14.011198843326094,14.43574378300189,15.243919455245829,15.243919455245829,15.243919455245829,14.416908892987205,15.268657949157424,16.346604785547942,16.346604785547942,16.346604785547942,13.182352476998389,15.494979355021528,14.391434438027826,14.440805073760123,14.136392096277175,14.136392096277175,14.136392096277175,14.99596037503147,13.986237915299837,30.218533944991346,30.218533944991346,30.218533944991346,14.752470134125316,15.742115223216882,17.606408496811635,17.606408496811635,17.606408496811635,13.386084935644678,13.497729066655756,15.251255085308872,15.251255085308872,15.251255085308872,14.518333192993596,14.938267826731206,21.00097021041075,21.00097021041075,21.00097021041075,14.361542535075793,13.676492566113941,14.364868590961414,15.105080432147107,17.19939507996492,17.19939507996492,17.19939507996492,13.106799583261058,17.411838285831983,15.056330005075663,15.056330005075663,15.056330005075663,14.157638900995666,18.40740464520898,19.242786657290235,19.242786657290235,19.242786657290235,13.88266016814602,13.220848883606209,16.214476920809233,16.214476920809233,16.214476920809233,12.740794694713058,17.897537219543338,15.40955064146488,15.40955064146488,15.40955064146488,14.089892785911728,13.803896550320584
max_acceleration_power_off_time [s],11.113389823972417,10.969280700220894,10.788150631598727,10.788150631598727,10.788150631598727,11.136152311524745,10.422853194406127,11.22477814226344,11.22477814226344,11.22477814226344,13.365364240714664,12.33405049704677,10.961454449530267,10.961454449530267,10.961454449530267,12.30898305933625,11.555316146253977,11.10014786699738,11.10014786699738,11.10014786699738,11.845972420692169,11.128035600038098,8.475431367491852,8.475431367491852,8.475431367491852,12.447226794449028,9.869359979417329,12.227195278483435,12.383222186626757,12.852618407203796,12.852618407203796,12.852618407203796,11.497172998491514,11.574253189329102,10.114092486911934,10.114092486911934,10.114092486911934,11.399367637485765,12.210471834836136,11.643236890746879,11.643236890746879,11.643236890746879,11.368643054376316,11.46713593957826,9.06490476411349,9.06490476411349,9.06490476411349,11.189629768773129,9.134301162987647,11.125824353250593,11.125824353250593,11.125824353250593,10.570519333034888,6.906856027476658,12.137885196188787,12.449262460954872,11.938113148915415,11.938113148915415,11.938113148915415,12.518158936898905,10.785327086293078,10.998536310882589,10.998536310882589,10.998536310882589,10.788173514317078,10.822900112720822,11.64392083611776,11.64392083611776,11.64392083611776,11.831304756075626,12.462814365033301,12.280580469552582,12.280580469552582,12.280580469552582,12.411886968006488,11.099105483975901,11.91196000194968,11.91196000194968,11.91196000194968,13.032905017687575,10.912759042113077,11.558842514263159,11.624377116745931,11.457345837302068,11.457345837302068,11.457345837302068,11.565370272467772,11.49078699046563,9.493684243539834,9.493684243539834,9.493684243539834,12.52656382198737,11.736272400368758,12.304840563939283,12.304840563939283,12.304840563939283,12.094481537082219,11.649096481393673,10.843560174271438,10.843560174271438,10.843560174271438,11.624878236440193,10.844329629278958,9.92895445639715,9.92895445639715,9.92895445639715,13.163974010534597,10.664233222819712,11.647393362611819,11.661360357331057,11.999922279140359,11.999922279140359,11.999922279140359,11.080784501264343,12.168592832321467,4.831380211454698,4.831380211454698,4.831380211454698,11.330282964611296,10.441593603163152,9.087924328453228,9.087924328453228,9.087924328453228,12.842907328660058,12.708293851844362,10.853492335513677,10.853492335513677,10.853492335513677,11.55836849178523,11.152654466872264,7.370479265994716,7.370479265994716,7.370479265994716,11.672475722830765,12.512252338554408,11.620473975769,10.97902607872051,9.331949167283321,9.331949167283321,9.331949167283321,13.296479892981761,9.209510324054,11.010585737319847,11.010585737319847,11.010585737319847,11.965797389770957,8.606673910339799,8.148509191036709,8.148509191036709,8.148509191036709,12.260080706371394,13.13685216512941,9.954264805023303,9.954264805023303,9.954264805023303,13.746418899192594,8.878974426298731,10.615872888461842,10.615872888461842,10.615872888461842,11.99827195308538,12.328723034560722
max_Gs_power_off [G],1.522150586082384,1.5435357736925661,1.5631996802758397,1.5631996802758397,1.5631996802758397,1.5181459779231419,1.6017549169480239,1.513265799619544,1.513265799619544,1.513265799619544,1.327205626233588,1.4086164456126937,1.5316721880748128,1.5316721880748128,1.5316721880748128,1.4072468908612448,1.4753081495051183,1.5043054106757179,1.5043054106757179,1.5043054106757179,1.45246241820497,1.5259865754479585,1.9044250933151998,1.9044250933151998,1.9044250933151998,1.4021843557722313,1.6791930624207656,1.4075085756074561,1.400288193108844,1.3551997315556952,1.3551997315556952,1.3551997315556952,1.4776357875118196,1.476914628071358,1.6428943948223433,1.6428943948223433,1.6428943948223433,1.4973783799897018,1.4220959556901358,1.4620356767715539,1.4620356767715539,1.4620356767715539,1.5004219843024362,1.4914010503485122,1.7993500254940082,1.7993500254940082,1.7993500254940082,1.5194688595220724,1.790537545438746,1.5153404446205836,1.5153404446205836,1.5153404446205836,1.5887477548021929,2.273329289132462,1.4256359547993522,1.4006414606388502,1.445047748888246,1.445047748888246,1.445047748888246,1.3989637026793187,1.5670955082271085,1.5408391002940969,1.5408391002940969,1.5408391002940969,1.5636175039168465,1.5601684788127936,1.4727722418088314,1.4727722418088314,1.4727722418088314,1.4546803610362027,1.3990499091003263,1.4137566884795423,1.4137566884795423,1.4137566884795423,1.4020468718488388,1.5280905630184798,1.4455647311984834,1.4455647311984834,1.4455647311984834,1.3560390138948553,1.5482856540664127,1.475512701672659,1.474607940509933,1.4921133010084666,1.4921133010084666,1.4921133010084666,1.4763534330107821,1.4872876650586049,1.7314696488289463,1.7314696488289463,1.7314696488289463,1.3930593233709787,1.4643027264867134,1.4095137363025572,1.4095137363025572,1.4095137363025572,1.4287446623797213,1.4720361981922359,1.554447181784384,1.554447181784384,1.554447181784384,1.470115573920473,1.556969806117015,1.6668897926965827,1.6668897926965827,1.6668897926965827,1.344225854598501,1.5800481668073734,1.4675179024465874,1.4725523062167125,1.4415108213586878,1.4415108213586878,1.4415108213586878,1.5291623923594164,1.4261993560797865,3.081432899613155,3.081432899613155,3.081432899613155,1.5043332977240258,1.6052490119680913,1.795354019651118,1.795354019651118,1.795354019651118,1.3650007837176488,1.3763853167652313,1.5551952078751534,1.5551952078751534,1.5551952078751534,1.4804579742311184,1.5232793896724373,2.1415029811822337,2.1415029811822337,2.1415029811822337,1.4644697766388923,1.3946141206338496,1.4648089399500763,1.5402895414996056,1.753850201645304,1.753850201645304,1.753850201645304,1.3365216035303655,1.7755133797812692,1.5353183814121707,1.5353183814121707,1.5353183814121707,1.44367739248323,1.8770328955564828,1.9622181537314207,1.9622181537314207,1.9622181537314207,1.4156373652721388,1.3481513955944395,1.653416500110561,1.653416500110561,1.653416500110561,1.299199491642208,1.8250408875144253,1.5713368623806174,1.5713368623806174,1.5713368623806174,1.4367692112914938,1.4076057114631995
max_Gs_power_off_time [s],11.113389823972417,10.969280700220894,10.788150631598727,10.788150631598727,10.788150631598727,11.136152311524745,10.422853194406127,11.22477814226344,11.22477814226344,11.22477814226344,13.365364240714664,12.33405049704677,10.961454449530267,10.961454449530267,10.961454449530267,12.30898305933625,11.555316146253977,11.10014786699738,11.10014786699738,11.10014786699738,11.845972420692169,11.128035600038098,8.475431367491852,8.475431367491852,8.475431367491852,12.447226794449028,9.869359979417329,12.227195278483435,12.383222186626757,12.852618407203796,12.852618407203796,12.852618407203796,11.497172998491514,11.574253189329102,10.114092486911934,10.114092486911934,10.114092486911934,11.399367637485765,12.210471834836136,11.643236890746879,11.643236890746879,11.643236890746879,11.368643054376316,11.46713593957826,9.06490476411349,9.06490476411349,9.06490476411349,11.189629768773129,9.134301162987647,11.125824353250593,11.125824353250593,11.125824353250593,10.570519333034888,6.906856027476658,12.137885196188787,12.449262460954872,11.938113148915415,11.938113148915415,11.938113148915415,12.518158936898905,10.785327086293078,10.998536310882589,10.998536310882589,10.998536310882589,10.788173514317078,10.822900112720822,11.64392083611776,11.64392083611776,11.64392083611776,11.831304756075626,12.462814365033301,12.280580469552582,12.280580469552582,12.280580469552582,12.411886968006488,11.099105483975901,11.91196000194968,11.91196000194968,11.91196000194968,13.032905017687575,10.912759042113077,11.558842514263159,11.624377116745931,11.457345837302068,11.457345837302068,11.457345837302068,11.565370272467772,11.49078699046563,9.493684243539834,9.493684243539834,9.493684243539834,12.52656382198737,11.736272400368758,12.304840563939283,12.304840563939283,12.304840563939283,12.094481537082219,11.649096481393673,10.843560174271438,10.843560174271438,10.843560174271438,11.624878236440193,10.844329629278958,9.92895445639715,9.92895445639715,9.92895445639715,13.163974010534597,10.664233222819712,11.647393362611819,11.661360357331057,11.999922279140359,11.999922279140359,11.999922279140359,11.080784501264343,12.168592832321467,4.831380211454698,4.831380211454698,4.831380211454698,11.330282964611296,10.441593603163152,9.087924328453228,9.087924328453228,9.087924328453228,12.842907328660058,12.708293851844362,10.853492335513677,10.853492335513677,10.853492335513677,11.55836849178523,11.152654466872264,7.370479265994716,7.370479265994716,7.370479265994716,11.672475722830765,12.512252338554408,11.620473975769,10.97902607872051,9.331949167283321,9.331949167283321,9.331949167283321,13.296479892981761,9.209510324054,11.010585737319847,11.010585737319847,11.010585737319847,11.965797389770957,8.606673910339799,8.148509191036709,8.148509191036709,8.148509191036709,12.260080706371394,13.13685216512941,9.954264805023303,9.954264805023303,9.954264805023303,13.746418899192594,8.878974426298731,10.615872888461842,10.615872888461842,10.615872888461842,11.99827195308538,12.328723034560722
max_stability_margin [calibers],4.206464041413016,4.206464041413016,4.206464041413016,4.206464041413016,4.206464041413016,4.206464041413016,4.206464041413016,4.206464041413016,4.206464041413016,4.206464041413016,4.206464041413016,4.206464041413016,4.206464041413016,4.206464041413016,4.206464041413016,4.206464041413016,4.206464041413016,4.206464041413016,4.206464041413016,4.206464041413016,4.206464041413016,4.206464041413016,4.206464041413016,4.206464041413016,4.206464041413016,4.206464041413016,4.206464041413016,4.206464041413016,4.206464041413016,4.206464041413016,4.206464041413016,4.206464041413016,4.206464041413016,4.206464041413016,4.206464041413016,4.206464041413016,4.206464041413016,4.206464041413016,4.206464041413016,4.206464041413016,4.206464041413016,4.206464041413016,4.206464041413016,4.206464041413016,4.206464041413016,4.206464041413016,4.206464041413016,4.206464041413016,4.206464041413016,4.206464041413016,4.206464041413016,4.206464041413016,4.206464041413016,4.206464041413016,4.206464041413016,4.206464041413016,4.206464041413016,4.206464041413016,4.206464041413016,4.206464041413016,4.206464041413016,4.206464041413016,4.206464041413016,4.206464041413016,4.206464041413016,4.206464041413016,4.206464041413016,4.206464041413016,4.206464041413016,4.206464041413016,4.206464041413016,4.206464041413016,4.206464041413016,4.206464041413016,4.206464041413016,4.206464041413016,4.206464041413016,4.206464041413016,4.206464041413016,4.206464041413016,4.206464041413016,4.206464041413016,4.206464041413016,4.206464041413016,4.206464041413016,4.206464041413016,4.206464041413016,4.206464041413016,4.206464041413016,4.206464041413016,4.206464041413016,4.206464041413016,4.206464041413016,4.206464041413016,4.206464041413016,4.206464041413016,4.206464041413016,4.206464041413016,4.206464041413016,4.206464041413016,4.206464041413016,4.206464041413016,4.206464041413016,4.206464041413016,4.206464041413016,4.206464041413016,4.206464041413016,4.206464041413016,4.206464041413016,4.206464041413016,4.206464041413016,4.206464041413016,4.206464041413016,4.206464041413016,4.206464041413016,4.206464041413016,4.206464041413016,4.206464041413016,4.206464041413016,4.206464041413016,4.206464041413016,4.206464041413016,4.206464041413016,4.206464041413016,4.206464041413016,4.206464041413016,4.206464041413016,4.206464041413016,4.206464041413016,4.206464041413016,4.206464041413016,4.206464041413016,4.206464041413016,4.206464041413016,4.206464041413016,4.206464041413016,4.206464041413016,4.206464041413016,4.206464041413016,4.206464041413016,4.206464041413016,4.206464041413016,4.206464041413016,4.206464041413016,4.206464041413016,4.206464041413016,4.206464041413016,4.206464041413016,4.206464041413016,4.206464041413016,4.206464041413016,4.206464041413016,4.206464041413016,4.206464041413016,4.206464041413016,4.206464041413016,4.206464041413016,4.206464041413016,4.206464041413016,4.206464041413016,4.206464041413016,4.206464041413016
impact_speed [m/s],12.306663086163384,10.265142191872506,11.740594072468571,11.740594072468571,11.740594072468571,9.715562903275316,8.829615321083294,8.964420258198086,8.964420258198086,8.964420258198086,9.202764220081557,8.076138470126377,10.045931759317114,10.045931759317114,10.045931759317114,8.094221563040525,8.187928497271818,12.779641218023233,12.779641218023233,12.779641218023233,9.58362781499373,8.982224561396622,9.97151801979448,9.97151801979448,9.97151801979448,9.417568483879757,9.28045412464663,9.41813369533604,9.298937400939405,10.865039493753128,10.865039493753128,10.865039493753128,8.895176888789987,8.922067711350754,9.88576533411179,9.88576533411179,9.88576533411179,8.208414311804466,8.158666414328845,10.551290967540137,10.551290967540137,10.551290967540137,9.982753264083343,9.250783411701827,8.618601537224649,8.618601537224649,8.618601537224649,8.100208018686128,8.160980547866398,10.100268338078639,10.100268338078639,10.100268338078639,8.257503548318567,9.036192909115087,8.15412161470304,9.587028980063284,9.520745886432273,9.520745886432273,9.520745886432273,9.101866546733383,9.818738322272575,10.911995835918765,10.911995835918765,10.911995835918765,8.995390959119167,9.357736428563884,10.422201626413946,10.422201626413946,10.422201626413946,8.108360175656324,8.414973697006735,9.206490598133195,9.206490598133195,9.206490598133195,8.326010861126143,8.609266437531518,8.783580979991202,8.783580979991202,8.783580979991202,8.386598247606443,8.459581469105117,9.439550427119906,9.126335163436618,9.24162949015613,9.24162949015613,9.24162949015613,9.096445830172348,9.667640792272659,12.457131968538363,12.457131968538363,12.457131968538363,9.06645373186325,10.188357446084906,12.568355977398468,12.568355977398468,12.568355977398468,9.039816101584947,9.923340324832758,12.22837168151851,12.22837168151851,12.22837168151851,9.3672612124327,9.611938585977267,12.222539769055679,12.222539769055679,12.222539769055679,8.681017703913282,9.082411926173393,10.95515698831139,10.041668629301414,11.404104125127878,11.404104125127878,11.404104125127878,9.606292368623167,8.963606335279616,9.403439917533522,9.403439917533522,9.403439917533522,8.17679091616457,9.848519881969619,10.881509116845333,10.881509116845333,10.881509116845333,8.654697106460384,8.45626824900464,8.371377358186118,8.371377358186118,8.371377358186118,9.537683165139722,9.065380180678346,8.90098312985797,8.90098312985797,8.90098312985797,8.729086978255962,8.377521999255157,10.53331637504011,9.20946980496091,9.09131216850724,9.09131216850724,9.09131216850724,8.338078440187632,8.14900422461841,8.664290611159501,8.664290611159501,8.664290611159501,8.81929390234693,8.829616902161131,9.390089701328993,9.390089701328993,9.390089701328993,8.093097055753647,8.115153632430639,12.200444451311668,12.200444451311668,12.200444451311668,11.836763857310308,12.683791320096285,12.578361396580103,12.578361396580103,12.578361396580103,11.48822673570239,11.88761743551697
impact_time [s],169.9704742087696,171.13656144652305,170.21740916831385,170.21740916831385,170.21740916831385,170.51216625773594,170.5196084982082,170.02785114001213,170.02785114001213,170.02785114001213,168.02473762518397,169.4763326092903,165.63846285786988,165.63846285786988,165.63846285786988,169.32699282806112,168.94264954043874,161.3897911915684,161.3897911915684,161.3897911915684,170.76464131418442,171.0550846975883,170.99679771733526,170.99679771733526,170.99679771733526,171.2342933578027,171.11405086733225,167.3296813547839,166.36633582033554,163.31713523923605,163.31713523923605,163.31713523923605,168.1155258697297,167.7916468082452,167.0585003686991,167.0585003686991,167.0585003686991,171.08002604609078,170.62792273129472,166.80213585460655,166.80213585460655,166.80213585460655,170.95160096233582,171.21391059068478,170.33147525910368,170.33147525910368,170.33147525910368,170.77901883408975,170.72781029543472,166.5862217540509,166.5862217540509,166.5862217540509,170.70241218668062,169.7452914016005,169.00226432096113,165.36545083484842,165.61270762474518,165.61270762474518,165.61270762474518,166.4432588943232,164.78754034824607,162.83122059623793,162.83122059623793,162.83122059623793,167.18512721957956,166.37623480845275,164.70924973709845,164.70924973709845,164.70924973709845,169.19090572465038,168.23730999763708,166.85310371864898,166.85310371864898,166.85310371864898,168.61010695884423,167.79772359186293,167.27492018245738,167.27492018245738,167.27492018245738,170.9012698144819,170.23256927033864,167.82061631337976,167.12948676966604,166.6161073463974,166.6161073463974,166.6161073463974,166.98590435279,165.75407929729164,159.995787853386,159.995787853386,159.995787853386,167.04408474965393,164.57541151675636,160.16205232444347,160.16205232444347,160.16205232444347,167.0630414928241,165.08897018082988,160.5539260559118,160.5539260559118,160.5539260559118,166.5631812218765,165.94639209383348,160.90303060105316,160.90303060105316,160.90303060105316,168.2664721876541,167.52805977064975,170.70466926161885,171.09900820416198,170.29329635168438,170.29329635168438,170.29329635168438,170.82986047611527,171.22967358707479,171.05646780896328,171.05646780896328,171.05646780896328,170.80734127663533,171.02347451125152,170.3779970973024,170.3779970973024,170.3779970973024,169.7547834849315,169.88837543503368,170.76965073762213,170.76965073762213,170.76965073762213,170.3533360748103,170.69922607948575,170.8155641717605,170.8155641717605,170.8155641717605,169.5390925493497,169.81500862658362,165.46964347779584,168.71166808466953,168.42196415592863,168.42196415592863,168.42196415592863,170.70220363734757,170.41335763029684,168.89551001779623,168.89551001779623,168.89551001779623,170.17846262049963,169.36846368812974,168.36101910067438,168.36101910067438,168.36101910067438,170.43062324446427,169.32506181044903,160.6233123355709,160.6233123355709,160.6233123355709,161.38995234497108,159.20859637232638,159.47088834762448,159.47088834762448,159.47088834762448,161.32793451399567,160.41066175575136
impact_x [m],487.4122737863553,920.757656342897,804.4459142091574,804.4459142091574,804.4459142091574,1067.7645352743316,1192.9393295129714,1244.0434554089923,1244.0434554089923,1244.0434554089923,1126.5350257924708,1082.730527756001,1523.3808308679145,1523.3808308679145,1523.3808308679145,1275.0360706409697,1402.7989756330703,1827.7328005023787,1827.7328005023787,1827.7328005023787,933.0625693138327,1044.821741018657,942.9868170433778,942.9868170433778,942.9868170433778,964.0204970557294,978.6928886810297,944.5303139625178,1041.5596327616927,1270.8597952026307,1270.8597952026307,1270.8597952026307,1265.1039397411512,1268.4201350117037,1149.5644702076172,1149.5644702076172,1149.5644702076172,1065.8629648364658,1064.2134797142332,1583.7827149970733,1583.7827149970733,1583.7827149970733,859.9657696467336,892.923594380515,986.8582899893214,986.8582899893214,986.8582899893214,1017.4762194695458,1033.694364466044,1732.1077910628128,1732.1077910628128,1732.1077910628128,1184.4573773705672,1053.4181408575575,429.5664424869728,846.2550104404074,943.9547002068304,943.9547002068304,943.9547002068304,570.3538180692796,711.5898246148957,809.7915056955404,809.7915056955404,809.7915056955404,812.7966366415319,926.0329086364294,995.9430553426045,995.9430553426045,995.9430553426045,920.9823229766251,1030.1501652840218,1170.3406103731475,1170.3406103731475,1170.3406103731475,1083.6073821579594,1097.5681503470998,1235.0252380236896,1235.0252380236896,1235.0252380236896,953.7421922325653,1049.943769144748,1249.76451683101,1032.855617564783,921.1297481022401,921.1297481022401,921.1297481022401,1020.8802761227171,1061.6790294495436,1062.3242879657828,1062.3242879657828,1062.3242879657828,968.1591471635425,1009.3882654813405,1069.3512118296508,1069.3512118296508,1069.3512118296508,986.1753480757138,1027.5908210110586,1006.6385574866274,1006.6385574866274,1006.6385574866274,1046.8760084874632,1030.7720644447568,891.9930520973685,891.9930520973685,891.9930520973685,1011.1957206971839,978.2845859161172,1060.6567662344148,1150.2509597003811,1193.66572382675,1193.66572382675,1193.66572382675,1022.1717751800172,1017.4304696782104,1021.0392115871277,1021.0392115871277,1021.0392115871277,1298.0791736850538,1065.3685734113526,990.1035989007217,990.1035989007217,990.1035989007217,1518.0234803755545,1455.932401248906,1291.5597754150867,1291.5597754150867,1291.5597754150867,1077.1490984542647,1048.8637001788522,1115.5755439084116,1115.5755439084116,1115.5755439084116,1166.6816013624361,1138.755437672199,1480.773374505469,1192.849576841883,1294.4061313070624,1294.4061313070624,1294.4061313070624,1085.8786147867297,1122.2525998051535,1299.6833776604335,1299.6833776604335,1299.6833776604335,1029.4092290675471,1164.6343099847718,1371.6414792069531,1371.6414792069531,1371.6414792069531,1117.2496052400375,1201.9242896881456,1592.390719162051,1592.390719162051,1592.390719162051,1117.1695373164357,1016.3460582243042,846.0530435560449,846.0530435560449,846.0530435560449,597.2448105337049,643.2081625419861
impact_y [m],-166.52477186748047,195.31393338886753,184.25280131457623,184.25280131457623,184.25280131457623,380.2810794134552,310.1430243528905,287.6995522424975,287.6995522424975,287.6995522424975,-298.5434064264457,138.46548062387117,-171.39981406064982,-171.39981406064982,-171.39981406064982,572.83873067047,350.41025002523884,-350.0163039409929,-350.0163039409929,-350.0163039409929,352.6693547684817,169.45991759843994,192.41460289324965,192.41460289324965,192.41460289324965,134.88071913350217,120.13166302034692,-741.1578752227347,-313.8103643527805,-224.57864555117837,-224.57864555117837,-224.57864555117837,-202.7003057844568,-70.68543220022917,-145.7200542209906,-145.7200542209906,-145.7200542209906,151.6329377325202,172.70979223625432,-895.9729954267412,-895.9729954267412,-895.9729954267412,208.62940309550675,96.55397420206856,-290.97206063759637,-290.97206063759637,-290.97206063759637,275.74692697103654,204.08831265803448,-364.33884512996053,-364.33884512996053,-364.33884512996053,175.55294506829497,295.48975173579885,13.669968000645596,91.18867334031363,-66.54545231662381,-66.54545231662381,-66.54545231662381,95.76204736776451,40.60711485369436,-44.63993696564425,-44.63993696564425,-44.63993696564425,94.44472520311132,68.0415221560836,-65.5665755194368,-65.5665755194368,-65.5665755194368,-28.40613146828651,53.823767640380844,-38.451717251256404,-38.451717251256404,-38.451717251256404,-72.65423809912274,66.65755225879224,85.153059844424,85.153059844424,85.153059844424,-164.06339084893378,69.58430092946644,-452.67302778521076,-135.7648436598981,-149.78031787585186,-149.78031787585186,-149.78031787585186,88.12189696088896,142.83703219431663,156.01437419246446,156.01437419246446,156.01437419246446,192.39563080050632,160.3715156706091,85.36195016691113,85.36195016691113,85.36195016691113,17.63868968925902,72.06772712660549,22.605888132280416,22.605888132280416,22.605888132280416,-9.337397476728826,93.15000010563094,128.30125363090474,128.30125363090474,128.30125363090474,227.83848116721384,158.68371703578208,654.7848503223142,300.24611009564484,137.27980139473777,137.27980139473777,137.27980139473777,365.14862206203867,175.21668289084562,249.69777105014327,249.69777105014327,249.69777105014327,256.5738493992089,212.90121810881553,200.94787767070395,200.94787767070395,200.94787767070395,297.47888294374934,355.007910645068,194.3611785929121,194.3611785929121,194.3611785929121,312.1846082860502,261.661882441889,282.48247943845394,282.48247943845394,282.48247943845394,462.02391520554426,348.86276831399056,-158.1105506111553,-150.07512083827663,-126.00059322921165,-126.00059322921165,-126.00059322921165,-4.486236753188568,115.65919430936923,-190.94251491295253,-190.94251491295253,-190.94251491295253,69.57420121389232,-6.899645599740569,55.3840123828876,55.3840123828876,55.3840123828876,286.5712566891403,225.61748531607935,30.37712120627024,30.37712120627024,30.37712120627024,-158.0780764107232,-84.33508968046002,21.93411235027772,21.93411235027772,21.93411235027772,416.71655549517266,404.92784623656127
impact_lat [°],31.045794654566016,31.049047731357202,31.048948364589098,31.048948364589098,31.048948364589098,31.050710669374205,31.050079929384303,31.04987808449792,31.04987808449792,31.04987808449792,31.044607220877324,31.048536462168318,31.04574993783822,31.04574993783822,31.04574993783822,31.052441772454944,31.05044174556544,31.04414354210207,31.04414354210207,31.04414354210207,31.050462523455497,31.048815171183413,31.04902164552826,31.04902164552826,31.04902164552826,31.048504334327276,31.048371711659495,31.040627780275393,31.04447003203309,31.04527210012713,31.04527210012713,31.04527210012713,31.045468817145835,31.0466557754005,31.045981252012016,31.045981252012016,31.045981252012016,31.04865486777232,31.04884437383361,31.039235132380263,31.039235132380263,31.039235132380263,31.049167498344147,31.048159789957445,31.04467542112564,31.04467542112564,31.04467542112564,31.04977083459732,31.04912652912889,31.04401491094531,31.04401491094531,31.04401491094531,31.04886982213534,31.049948313131182,31.047414829985488,31.048111584352593,31.04669330331168,31.04669330331168,31.04669330331168,31.04815287010238,31.047656888483214,31.04689035839304,31.04689035839304,31.04689035839304,31.048140883486035,31.047903405446977,31.04670206168313,31.04670206168313,31.04670206168313,31.047036236791175,31.047775485385806,31.046945694240517,31.046945694240517,31.046945694240517,31.046638258225542,31.04789081458904,31.048056973785656,31.048056973785656,31.048056973785656,31.045816499744767,31.047917172777346,31.04322129830892,31.046070868690343,31.045944946561832,31.045944946561832,31.045944946561832,31.04808387212379,31.04857578649336,31.04869426500016,31.04869426500016,31.04869426500016,31.0490214545167,31.048733487165666,31.04805901407838,31.04805901407838,31.04805901407838,31.047450178592392,31.047939521287056,31.047494821961187,31.047494821961187,31.047494821961187,31.04720758089418,31.048129071793575,31.048445234324515,31.048445234324515,31.048445234324515,31.049340089329473,31.04871833821836,31.05317877267899,31.049990987503172,31.04852569433394,31.04852569433394,31.04852569433394,31.050574652073397,31.0488669549521,31.049536620374926,31.049536620374926,31.049536620374926,31.049598171170047,31.049205738800207,31.049098330561,31.049098330561,31.049098330561,31.049965690259057,31.050483019182067,31.049038816632798,31.049038816632798,31.049038816632798,31.050098397149217,31.049644166699423,31.049831305902018,31.049831305902018,31.049831305902018,31.051445535306744,31.050428116980633,31.045869477582336,31.04594205201932,31.046158401762185,31.046158401762185,31.046158401762185,31.047251162945837,31.04833137105733,31.045574495213987,31.045574495213987,31.045574495213987,31.047917100102968,31.047229388422327,31.047789165415395,31.047789165415395,31.047789165415395,31.049868067009385,31.049319940818474,31.047564047536564,31.047564047536564,31.047564047536564,31.045870170711204,31.046533294247663,31.047488908292195,31.047488908292195,31.047488908292195,31.05103859790973,31.050932579971466
impact_lon [°],-103.52216590720866,-103.51761788299301,-103.51883855390903,-103.51883855390903,-103.51883855390903,-103.51607488744419,-103.51476126988675,-103.51422496697666,-103.51422496697666,-103.51422496697666,-103.51545885348668,-103.51591808001166,-103.51129406021849,-103.51129406021849,-103.51129406021849,-103.51389934405586,-103.51255876649856,-103.50810039818131,-103.50810039818131,-103.50810039818131,-103.51748860049574,-103.51631588882388,-103.51738459632702,-103.51738459632702,-103.51738459632702,-103.51716390826512,-103.5170099404444,-103.51736927182485,-103.51635062273827,-103.51394417929967,-103.51394417929967,-103.51394417929967,-103.51400455570183,-103.51396958838751,-103.51521700246029,-103.51521700246029,-103.51521700246029,-103.51609508592036,-103.51611237453663,-103.51066131726068,-103.51066131726068,-103.51066131726068,-103.51825586699906,-103.5179100818098,-103.5169246494391,-103.5169246494391,-103.5169246494391,-103.51660276518129,-103.51643263203059,-103.50910393116048,-103.50910393116048,-103.50910393116048,-103.51485044483427,-103.51622554038993,-103.52277288698335,-103.5183998566376,-103.51737468098783,-103.51737468098783,-103.51737468098783,-103.52129533828172,-103.51981315522993,-103.51878263710961,-103.51878263710961,-103.51878263710961,-103.51875098766682,-103.51756263741271,-103.51682908897993,-103.51682908897993,-103.51682908897993,-103.51761572944643,-103.51646998099658,-103.51499884473488,-103.51499884473488,-103.51499884473488,-103.5159091044994,-103.51576244191823,-103.51431985970609,-103.51431985970609,-103.51431985970609,-103.51727205849568,-103.51626223853987,-103.51416584265999,-103.5164417824709,-103.51761429312415,-103.51761429312415,-103.51761429312415,-103.51656723010709,-103.51613900433314,-103.51613221866432,-103.51613221866432,-103.51613221866432,-103.51712041922802,-103.51668776230606,-103.51605854806743,-103.51605854806743,-103.51605854806743,-103.51693151470504,-103.51649682171728,-103.51671675718487,-103.51671675718487,-103.51671675718487,-103.5162945154337,-103.51646341422256,-103.5179198194474,-103.5179198194474,-103.5179198194474,-103.51666872594778,-103.51701418805573,-103.5161491942733,-103.5152092895943,-103.51475385105988,-103.51475385105988,-103.51475385105988,-103.51655339553959,-103.51660334672658,-103.51656539857342,-103.51656539857342,-103.51656539857342,-103.51365791099745,-103.51610020969598,-103.51689010946784,-103.51689010946784,-103.51689010946784,-103.5113495766481,-103.51200112993551,-103.5137264104817,-103.5137264104817,-103.5137264104817,-103.51597646985135,-103.51627337371501,-103.51557322250044,-103.51557322250044,-103.51557322250044,-103.51503666534634,-103.51532987847217,-103.51174117961159,-103.5147627560835,-103.51369694981403,-103.51369694981403,-103.51369694981403,-103.51588519571207,-103.51550333354116,-103.5136416518115,-103.5136416518115,-103.5136416518115,-103.51647774075515,-103.51505869315092,-103.51288616248328,-103.51288616248328,-103.51288616248328,-103.51555564897947,-103.51466707472441,-103.51056952559617,-103.51056952559617,-103.51056952559617,-103.51555698175777,-103.51661498885184,-103.51840203429694,-103.51840203429694,-103.51840203429694,-103.52101293676763,-103.52053056052812
impact_radius [m],515.0739988420124,941.2450235140133,825.2771193242157,825.2771193242157,825.2771193242157,1133.4614250822442,1232.5960163223049,1276.8771089288423,1276.8771089288423,1276.8771089288423,1165.4223825969489,1091.5484803980025,1532.9928415083493,1532.9928415083493,1532.9928415083493,1397.8058494625493,1445.901901707008,1860.945620660846,1860.945620660846,1860.945620660846,997.48755984591,1058.4749095645714,962.4175375190166,962.4175375190166,962.4175375190166,973.4106672610211,986.0382278668776,1200.6050599588573,1087.8066985332905,1290.5503427220785,1290.5503427220785,1290.5503427220785,1281.2397872036656,1270.3881569144298,1158.7634812013573,1158.7634812013573,1158.7634812013573,1076.5948205408456,1078.1368200464015,1819.6525209109204,1819.6525209109204,1819.6525209109204,884.9109293031058,898.1287298242008,1028.860546717745,1028.860546717745,1028.860546717745,1054.1794083172035,1053.6489351261462,1770.011354181416,1770.011354181416,1770.011354181416,1197.3963902274443,1094.0767673562386,429.783895156685,851.1538737743373,946.2974021239787,946.2974021239787,946.2974021239787,578.3371399990414,712.7475122876258,811.0209656161468,811.0209656161468,811.0209656161468,818.2653473381832,928.5292653519126,998.0989656895292,998.0989656895292,998.0989656895292,921.4202882183647,1031.5553116521203,1170.9721084842977,1170.9721084842977,1170.9721084842977,1086.040329352916,1099.5904118941232,1237.957342623864,1237.957342623864,1237.957342623864,967.7504665260718,1052.2470685640908,1329.2194016091091,1041.7402840963412,933.2278159495074,933.2278159495074,933.2278159495074,1024.6765376939109,1071.2445002607972,1073.7194129551137,1073.7194129551137,1073.7194129551137,987.0907825461459,1022.048772578842,1072.7528498111021,1072.7528498111021,1072.7528498111021,986.333077883029,1030.1148735550692,1006.892353529913,1006.892353529913,1006.892353529913,1046.9176491674414,1034.9724495653904,901.1730226062255,901.1730226062255,901.1730226062255,1036.5457824220211,991.070760891149,1246.4894608340906,1188.7914017687099,1201.5338547497602,1201.5338547497602,1201.5338547497602,1085.4347765612051,1032.4076939818374,1051.1279886226382,1051.1279886226382,1051.1279886226382,1323.1929871906061,1086.433212804523,1010.2896545528523,1010.2896545528523,1010.2896545528523,1546.8965617548488,1498.589261147624,1306.1021863599706,1306.1021863599706,1306.1021863599706,1121.476441995796,1081.00971423753,1150.7845781710166,1150.7845781710166,1150.7845781710166,1254.835470163112,1190.9950369097692,1489.190630127277,1202.2531575614526,1300.5242720762383,1300.5242720762383,1300.5242720762383,1085.887882044621,1128.1967678546675,1313.6346243031644,1313.6346243031644,1313.6346243031644,1031.7576897527795,1164.6547475982345,1372.7591690856289,1372.7591690856289,1372.7591690856289,1153.4165620318674,1222.9166970087147,1592.6804362351584,1592.6804362351584,1592.6804362351584,1128.298033920796,1019.8390644702192,846.3373191553362,846.3373191553362,846.3373191553362,728.2541117859909,760.0548013258111
